,Entity,Year,Month,CasesxMill,DeathsxMill,PopDensity
0,Afghanistan,2020,1,0.0,0.0,47.807036957757646
1,Afghanistan,2020,2,0.03,0.0,47.807036957757646
2,Afghanistan,2020,3,3.68,0.11,47.807036957757646
3,Afghanistan,2020,4,47.53,1.47,47.807036957757646
4,Afghanistan,2020,5,330.58,4.97,47.807036957757646
5,Afghanistan,2020,6,439.33,12.72,47.807036957757646
6,Afghanistan,2020,7,139.43,14.14,47.807036957757646
7,Afghanistan,2020,8,42.58,3.44,47.807036957757646
8,Afghanistan,2020,9,28.71,1.47,47.807036957757646
9,Afghanistan,2020,10,57.07,2.05,47.807036957757646
10,Afghanistan,2020,11,116.16,5.97,47.807036957757646
11,Afghanistan,2020,12,90.14,5.47,47.807036957757646
12,Albania,2020,3,77.91,4.19,123.19232964177219
13,Albania,2020,4,189.7,6.64,123.19232964177219
14,Albania,2020,5,124.37,0.7,123.19232964177219
15,Albania,2020,6,469.53,8.73,123.19232964177219
16,Albania,2020,7,954.09,33.54,123.19232964177219
17,Albania,2020,8,1461.35,44.02,123.19232964177219
18,Albania,2020,9,1445.63,36.33,123.19232964177219
19,Albania,2020,10,2486.0,41.22,123.19232964177219
20,Albania,2020,11,5935.87,103.41,123.19232964177219
21,Albania,2020,12,3809.7,71.62,123.19232964177219
22,Algeria,2020,1,0.0,0.0,17.620974419697628
23,Algeria,2020,2,0.02,0.0,17.620974419697628
24,Algeria,2020,3,13.54,0.81,17.620974419697628
25,Algeria,2020,4,75.81,9.5,17.620974419697628
26,Algeria,2020,5,125.87,4.69,17.620974419697628
27,Algeria,2020,6,99.97,6.02,17.620974419697628
28,Algeria,2020,7,377.67,6.85,17.620974419697628
29,Algeria,2020,8,332.5,6.99,17.620974419697628
30,Algeria,2020,9,167.75,5.23,17.620974419697628
31,Algeria,2020,10,145.94,5.34,17.620974419697628
32,Algeria,2020,11,570.69,10.55,17.620974419697628
33,Algeria,2020,12,229.51,4.32,17.620974419697628
34,Andorra,2020,3,4857.11,105.02,197.56653344284769
35,Andorra,2020,4,4896.49,446.33,197.56653344284769
36,Andorra,2020,5,275.67,118.15,197.56653344284769
37,Andorra,2020,6,1194.59,13.13,197.56653344284769
38,Andorra,2020,7,879.53,0.0,197.56653344284769
39,Andorra,2020,8,2651.72,13.13,197.56653344284769
40,Andorra,2020,9,11053.21,0.0,197.56653344284769
41,Andorra,2020,10,35430.64,288.8,197.56653344284769
42,Andorra,2020,11,26871.63,13.13,197.56653344284769
43,Andorra,2020,12,8217.7,39.38,197.56653344284769
44,Angola,2020,3,0.22,0.06,21.285553510045247
45,Angola,2020,4,0.63,0.0,21.285553510045247
46,Angola,2020,5,1.79,0.06,21.285553510045247
47,Angola,2020,6,6.03,0.22,21.285553510045247
48,Angola,2020,7,25.2,1.16,21.285553510045247
49,Angola,2020,8,48.58,1.85,21.285553510045247
50,Angola,2020,9,71.67,2.26,21.285553510045247
51,Angola,2020,10,168.55,3.02,21.285553510045247
52,Angola,2020,11,151.89,2.23,21.285553510045247
53,Angola,2020,12,34.09,0.79,21.285553510045247
54,Argentina,2020,3,21.57,0.54,16.629245192941827
55,Argentina,2020,4,73.83,4.24,16.629245192941827
56,Argentina,2020,5,266.39,7.01,16.629245192941827
57,Argentina,2020,6,1028.43,16.79,16.629245192941827
58,Argentina,2020,7,2606.66,45.35,16.629245192941827
59,Argentina,2020,8,4962.92,113.67,16.629245192941827
60,Argentina,2020,9,7489.17,181.28,16.629245192941827
61,Argentina,2020,10,9391.77,318.73,16.629245192941827
62,Argentina,2020,11,5842.43,171.52,16.629245192941827
63,Argentina,2020,12,1772.33,51.21,16.629245192941827
64,Armenia,2020,1,0.0,0.0,115.63429682488017
65,Armenia,2020,2,0.0,0.0,115.63429682488017
66,Armenia,2020,3,179.87,1.01,115.63429682488017
67,Armenia,2020,4,518.64,9.8,115.63429682488017
68,Armenia,2020,5,2439.71,33.47,115.63429682488017
69,Armenia,2020,6,5497.46,105.49,115.63429682488017
70,Armenia,2020,7,4397.97,99.74,115.63429682488017
71,Armenia,2020,8,1758.11,47.0,115.63429682488017
72,Armenia,2020,9,2079.64,27.39,115.63429682488017
73,Armenia,2020,10,13494.14,129.49,115.63429682488017
74,Armenia,2020,11,15319.53,278.25,115.63429682488017
75,Armenia,2020,12,4583.92,114.62,115.63429682488017
76,Aruba,2020,3,470.32,0.0,599.1527862046514
77,Aruba,2020,4,470.32,18.81,599.1527862046514
78,Aruba,2020,5,9.41,9.41,599.1527862046514
79,Aruba,2020,6,18.81,0.0,599.1527862046514
80,Aruba,2020,7,159.91,0.0,599.1527862046514
81,Aruba,2020,8,17655.91,65.85,599.1527862046514
82,Aruba,2020,9,18220.3,150.5,599.1527862046514
83,Aruba,2020,10,5060.67,103.47,599.1527862046514
84,Aruba,2020,11,3442.76,75.25,599.1527862046514
85,Aruba,2020,12,1984.76,9.41,599.1527862046514
86,Australia,2020,1,0.28,0.0,3.1723113172986075
87,Australia,2020,2,0.71,0.0,3.1723113172986075
88,Australia,2020,3,179.82,0.75,3.1723113172986075
89,Australia,2020,4,86.85,2.82,3.1723113172986075
90,Australia,2020,5,17.42,0.48,3.1723113172986075
91,Australia,2020,6,23.09,0.08,3.1723113172986075
92,Australia,2020,7,338.69,3.37,3.1723113172986075
93,Australia,2020,8,371.66,16.74,3.1723113172986075
94,Australia,2020,9,55.27,10.75,3.1723113172986075
95,Australia,2020,10,20.59,0.99,3.1723113172986075
96,Australia,2020,11,12.34,0.0,3.1723113172986075
97,Australia,2020,12,5.48,0.04,3.1723113172986075
98,Austria,2020,1,0.0,0.0,104.17088083735331
99,Austria,2020,2,0.79,0.0,104.17088083735331
100,Austria,2020,3,1084.91,12.19,104.17088083735331
101,Austria,2020,4,648.62,53.28,104.17088083735331
102,Austria,2020,5,143.81,9.93,104.17088083735331
103,Austria,2020,6,116.04,3.95,104.17088083735331
104,Austria,2020,7,377.37,1.69,104.17088083735331
105,Austria,2020,8,700.89,1.69,104.17088083735331
106,Austria,2020,9,1962.91,7.11,104.17088083735331
107,Austria,2020,10,6415.79,31.95,104.17088083735331
108,Austria,2020,11,19950.73,206.01,104.17088083735331
109,Austria,2020,12,4724.58,168.87,104.17088083735331
110,Azerbaijan,2020,1,0.0,0.0,121.83121626061941
111,Azerbaijan,2020,2,0.1,0.0,121.83121626061941
112,Azerbaijan,2020,3,27.07,0.4,121.83121626061941
113,Azerbaijan,2020,4,148.59,1.89,121.83121626061941
114,Azerbaijan,2020,5,346.35,3.78,121.83121626061941
115,Azerbaijan,2020,6,1166.63,14.43,121.83121626061941
116,Azerbaijan,2020,7,1452.27,23.39,121.83121626061941
117,Azerbaijan,2020,8,472.64,8.96,121.83121626061941
118,Azerbaijan,2020,9,379.19,5.87,121.83121626061941
119,Azerbaijan,2020,10,1398.82,12.74,121.83121626061941
120,Azerbaijan,2020,11,6371.69,63.99,121.83121626061941
121,Azerbaijan,2020,12,5740.51,55.83,121.83121626061941
122,Bahamas,2020,3,35.94,0.0,40.393765343426594
123,Bahamas,2020,4,169.45,28.24,40.393765343426594
124,Bahamas,2020,5,56.48,0.0,40.393765343426594
125,Bahamas,2020,6,5.13,0.0,40.393765343426594
126,Bahamas,2020,7,1037.26,7.7,40.393765343426594
127,Bahamas,2020,8,4259.46,74.46,40.393765343426594
128,Bahamas,2020,9,4457.16,123.24,40.393765343426594
129,Bahamas,2020,10,7037.48,130.94,40.393765343426594
130,Bahamas,2020,11,2187.5,53.92,40.393765343426594
131,Bahamas,2020,12,457.01,0.0,40.393765343426594
132,Bahrain,2020,1,0.0,0.0,1728.5319760728526
133,Bahrain,2020,2,23.15,0.0,1728.5319760728526
134,Bahrain,2020,3,290.65,2.44,1728.5319760728526
135,Bahrain,2020,4,1466.03,2.44,1728.5319760728526
136,Bahrain,2020,5,4796.6,5.48,1728.5319760728526
137,Bahrain,2020,6,9411.61,40.82,1728.5319760728526
138,Bahrain,2020,7,8844.94,37.78,1728.5319760728526
139,Bahrain,2020,8,6592.27,26.2,1728.5319760728526
140,Bahrain,2020,9,11484.53,34.73,1728.5319760728526
141,Bahrain,2020,10,6729.37,44.48,1728.5319760728526
142,Bahrain,2020,11,3242.21,13.41,1728.5319760728526
143,Bahrain,2020,12,1435.57,4.27,1728.5319760728526
144,Bangladesh,2020,3,0.3,0.03,1328.368240097352
145,Bangladesh,2020,4,43.26,0.97,1328.368240097352
146,Bangladesh,2020,5,230.03,2.74,1328.368240097352
147,Bangladesh,2020,6,596.11,7.19,1328.368240097352
148,Bangladesh,2020,7,570.93,7.97,1328.368240097352
149,Bangladesh,2020,8,465.71,7.15,1328.368240097352
150,Bangladesh,2020,9,314.15,5.96,1328.368240097352
151,Bangladesh,2020,10,271.83,4.21,1328.368240097352
152,Bangladesh,2020,11,343.72,4.32,1328.368240097352
153,Bangladesh,2020,12,172.5,2.72,1328.368240097352
154,Barbados,2020,3,118.46,0.0,672.9593338899202
155,Barbados,2020,4,160.27,24.39,672.9593338899202
156,Barbados,2020,5,41.81,0.0,672.9593338899202
157,Barbados,2020,6,17.42,0.0,672.9593338899202
158,Barbados,2020,7,45.29,0.0,672.9593338899202
159,Barbados,2020,8,219.5,0.0,672.9593338899202
160,Barbados,2020,9,59.23,0.0,672.9593338899202
161,Barbados,2020,10,160.27,0.0,672.9593338899202
162,Barbados,2020,11,135.88,0.0,672.9593338899202
163,Barbados,2020,12,59.23,0.0,672.9593338899202
164,Belarus,2020,1,0.0,0.0,49.63494496354764
165,Belarus,2020,2,0.11,0.0,49.63494496354764
166,Belarus,2020,3,11.0,0.0,49.63494496354764
167,Belarus,2020,4,1383.35,8.89,49.63494496354764
168,Belarus,2020,5,3012.67,15.34,49.63494496354764
169,Belarus,2020,6,2129.83,16.72,49.63494496354764
170,Belarus,2020,7,621.53,17.56,49.63494496354764
171,Belarus,2020,8,425.5,13.01,49.63494496354764
172,Belarus,2020,9,695.38,16.08,49.63494496354764
173,Belarus,2020,10,2035.35,15.76,49.63494496354764
174,Belarus,2020,11,3968.19,18.41,49.63494496354764
175,Belarus,2020,12,2675.19,11.85,49.63494496354764
176,Belgium,2020,1,0.0,0.0,384.1628197446953
177,Belgium,2020,2,0.09,0.0,384.1628197446953
178,Belgium,2020,3,1335.86,102.13,384.1628197446953
179,Belgium,2020,4,3026.14,576.93,384.1628197446953
180,Belgium,2020,5,783.73,137.58,384.1628197446953
181,Belgium,2020,6,259.44,24.27,384.1628197446953
182,Belgium,2020,7,672.69,6.9,384.1628197446953
183,Belgium,2020,8,1380.64,16.15,384.1628197446953
184,Belgium,2020,9,3227.27,10.91,384.1628197446953
185,Belgium,2020,10,27936.14,144.65,384.1628197446953
186,Belgium,2020,11,11819.28,443.11,384.1628197446953
187,Belgium,2020,12,2633.67,104.4,384.1628197446953
188,Belize,2020,3,7.69,0.0,15.681410916172807
189,Belize,2020,4,38.43,5.12,15.681410916172807
190,Belize,2020,5,0.0,0.0,15.681410916172807
191,Belize,2020,6,15.37,0.0,15.681410916172807
192,Belize,2020,7,61.48,0.0,15.681410916172807
193,Belize,2020,8,2423.46,28.18,15.681410916172807
194,Belize,2020,9,2431.15,33.3,15.681410916172807
195,Belize,2020,10,3891.37,81.98,15.681410916172807
196,Belize,2020,11,5843.46,228.0,15.681410916172807
197,Belize,2020,12,9099.5,122.97,15.681410916172807
198,Benin,2020,3,0.51,0.0,92.16422995382072
199,Benin,2020,4,5.34,0.17,92.16422995382072
200,Benin,2020,5,13.81,0.08,92.16422995382072
201,Benin,2020,6,80.92,1.36,92.16422995382072
202,Benin,2020,7,49.4,1.36,92.16422995382072
203,Benin,2020,8,31.78,0.42,92.16422995382072
204,Benin,2020,9,16.52,0.0,92.16422995382072
205,Benin,2020,10,25.68,0.08,92.16422995382072
206,Benin,2020,11,28.05,0.17,92.16422995382072
207,Benin,2020,12,9.83,0.08,92.16422995382072
208,Bermuda,2020,3,431.94,0.0,1357.940498908496
209,Bermuda,2020,4,1343.83,95.99,1357.940498908496
210,Bermuda,2020,5,463.94,47.99,1357.940498908496
211,Bermuda,2020,6,95.99,0.0,1357.940498908496
212,Bermuda,2020,7,159.98,0.0,1357.940498908496
213,Bermuda,2020,8,207.97,0.0,1357.940498908496
214,Bermuda,2020,9,191.98,0.0,1357.940498908496
215,Bermuda,2020,10,287.96,0.0,1357.940498908496
216,Bermuda,2020,11,831.89,0.0,1357.940498908496
217,Bermuda,2020,12,2879.63,0.0,1357.940498908496
218,Bhutan,2020,3,5.24,0.0,21.275442512481504
219,Bhutan,2020,4,3.93,0.0,21.275442512481504
220,Bhutan,2020,5,47.18,0.0,21.275442512481504
221,Bhutan,2020,6,44.56,0.0,21.275442512481504
222,Bhutan,2020,7,31.45,0.0,21.275442512481504
223,Bhutan,2020,8,161.19,0.0,21.275442512481504
224,Bhutan,2020,9,74.7,0.0,21.275442512481504
225,Bhutan,2020,10,87.8,0.0,21.275442512481504
226,Bhutan,2020,11,62.9,0.0,21.275442512481504
227,Bhutan,2020,12,55.04,0.0,21.275442512481504
228,Bolivia,2020,3,9.29,0.52,10.253450797784724
229,Bolivia,2020,4,87.12,4.6,10.253450797784724
230,Bolivia,2020,5,736.73,21.8,10.253450797784724
231,Bolivia,2020,6,1957.16,66.1,10.253450797784724
232,Bolivia,2020,7,3744.34,158.34,10.253450797784724
233,Bolivia,2020,8,3538.06,179.97,10.253450797784724
234,Bolivia,2020,9,1621.89,257.53,10.253450797784724
235,Bolivia,2020,10,607.13,68.1,10.253450797784724
236,Bolivia,2020,11,259.79,20.59,10.253450797784724
237,Bolivia,2020,12,219.58,5.73,10.253450797784724
238,Botswana,2020,4,9.98,0.43,4.160099465033042
239,Botswana,2020,5,5.21,0.0,4.160099465033042
240,Botswana,2020,6,60.77,0.0,4.160099465033042
241,Botswana,2020,7,273.04,0.43,4.160099465033042
242,Botswana,2020,8,359.86,1.74,4.160099465033042
243,Botswana,2020,9,668.05,4.34,4.160099465033042
244,Botswana,2020,10,1506.27,3.47,4.160099465033042
245,Botswana,2020,11,1454.18,3.04,4.160099465033042
246,Botswana,2020,12,1089.12,2.6,4.160099465033042
247,Brazil,2020,1,0.0,0.0,26.63689387612669
248,Brazil,2020,2,0.0,0.0,26.63689387612669
249,Brazil,2020,3,21.69,0.75,26.63689387612669
250,Brazil,2020,4,348.65,25.15,26.63689387612669
251,Brazil,2020,5,1991.37,110.72,26.63689387612669
252,Brazil,2020,6,4121.09,139.68,26.63689387612669
253,Brazil,2020,7,5884.43,156.12,26.63689387612669
254,Brazil,2020,8,5933.25,140.09,26.63689387612669
255,Brazil,2020,9,4336.48,104.68,26.63689387612669
256,Brazil,2020,10,3502.19,78.45,26.63689387612669
257,Brazil,2020,11,3781.49,63.28,26.63689387612669
258,Brazil,2020,12,2782.34,40.6,26.63689387612669
259,Bulgaria,2020,3,51.29,1.14,68.95060702878993
260,Bulgaria,2020,4,155.43,8.0,68.95060702878993
261,Bulgaria,2020,5,152.28,10.86,68.95060702878993
262,Bulgaria,2020,6,331.14,11.86,68.95060702878993
263,Bulgaria,2020,7,941.28,21.57,68.95060702878993
264,Bulgaria,2020,8,681.42,34.14,68.95060702878993
265,Bulgaria,2020,9,622.43,28.71,68.95060702878993
266,Bulgaria,2020,10,4356.26,62.86,68.95060702878993
267,Bulgaria,2020,11,13063.5,365.71,68.95060702878993
268,Bulgaria,2020,12,5280.4,267.71,68.95060702878993
269,Burundi,2020,4,1.3,0.09,382.25409156716887
270,Burundi,2020,5,2.34,0.0,382.25409156716887
271,Burundi,2020,6,11.1,0.0,382.25409156716887
272,Burundi,2020,7,18.82,0.0,382.25409156716887
273,Burundi,2020,8,5.03,0.0,382.25409156716887
274,Burundi,2020,9,5.29,0.0,382.25409156716887
275,Burundi,2020,10,6.59,0.0,382.25409156716887
276,Burundi,2020,11,8.59,0.0,382.25409156716887
277,Burundi,2020,12,4.16,0.0,382.25409156716887
278,Cambodia,2020,1,0.06,0.0,88.91135261982892
279,Cambodia,2020,2,0.0,0.0,88.91135261982892
280,Cambodia,2020,3,6.55,0.0,88.91135261982892
281,Cambodia,2020,4,0.79,0.0,88.91135261982892
282,Cambodia,2020,5,0.18,0.0,88.91135261982892
283,Cambodia,2020,6,0.97,0.0,88.91135261982892
284,Cambodia,2020,7,5.64,0.0,88.91135261982892
285,Cambodia,2020,8,2.43,0.0,88.91135261982892
286,Cambodia,2020,9,0.18,0.0,88.91135261982892
287,Cambodia,2020,10,0.79,0.0,88.91135261982892
288,Cambodia,2020,11,2.0,0.0,88.91135261982892
289,Cambodia,2020,12,2.18,0.0,88.91135261982892
290,Cameroon,2020,3,5.49,0.08,48.156545417311925
291,Cameroon,2020,4,65.31,2.28,48.156545417311925
292,Cameroon,2020,5,157.36,5.02,48.156545417311925
293,Cameroon,2020,6,258.46,4.71,48.156545417311925
294,Cameroon,2020,7,180.2,2.86,48.156545417311925
295,Cameroon,2020,8,72.92,0.93,48.156545417311925
296,Cameroon,2020,9,65.54,0.27,48.156545417311925
297,Cameroon,2020,10,36.91,0.31,48.156545417311925
298,Cameroon,2020,11,89.81,0.43,48.156545417311925
299,Cameroon,2020,12,39.65,0.23,48.156545417311925
300,Canada,2020,1,0.08,0.0,4.101061456222126
301,Canada,2020,2,0.35,0.0,4.101061456222126
302,Canada,2020,3,198.02,2.38,4.101061456222126
303,Canada,2020,4,1180.48,77.7,4.101061456222126
304,Canada,2020,5,1031.57,108.98,4.101061456222126
305,Canada,2020,6,366.95,39.91,4.101061456222126
306,Canada,2020,7,317.5,9.7,4.101061456222126
307,Canada,2020,8,324.9,5.03,4.101061456222126
308,Canada,2020,9,775.73,4.65,4.101061456222126
309,Canada,2020,10,2005.77,21.89,4.101061456222126
310,Canada,2020,11,3696.21,51.38,4.101061456222126
311,Canada,2020,12,2418.14,37.4,4.101061456222126
312,Chad,2020,3,0.44,0.0,10.574830941952255
313,Chad,2020,4,2.82,0.13,10.574830941952255
314,Chad,2020,5,44.33,3.95,10.574830941952255
315,Chad,2020,6,6.71,0.56,10.574830941952255
316,Chad,2020,7,4.33,0.06,10.574830941952255
317,Chad,2020,8,4.83,0.13,10.574830941952255
318,Chad,2020,9,11.35,0.5,10.574830941952255
319,Chad,2020,10,18.19,0.82,10.574830941952255
320,Chad,2020,11,12.48,0.19,10.574830941952255
321,Chad,2020,12,5.52,0.06,10.574830941952255
322,Chile,2020,3,129.22,0.42,25.31762258838961
323,Chile,2020,4,656.18,10.98,25.31762258838961
324,Chile,2020,5,4219.76,41.21,25.31762258838961
325,Chile,2020,6,9557.87,241.56,25.31762258838961
326,Chile,2020,7,4091.22,200.61,25.31762258838961
327,Chile,2020,8,2977.94,98.51,25.31762258838961
328,Chile,2020,9,2708.21,78.14,25.31762258838961
329,Chile,2020,10,2494.24,75.61,25.31762258838961
330,Chile,2020,11,2208.68,63.21,25.31762258838961
331,Chile,2020,12,1133.86,27.97,25.31762258838961
332,China,2020,1,6.76,0.15,159.06459766270564
333,China,2020,2,48.57,1.83,159.06459766270564
334,China,2020,3,2.01,0.33,159.06459766270564
335,China,2020,4,1.19,0.93,159.06459766270564
336,China,2020,5,0.13,0.0,159.06459766270564
337,China,2020,6,0.45,0.0,159.06459766270564
338,China,2020,7,1.89,0.01,159.06459766270564
339,China,2020,8,1.68,0.04,159.06459766270564
340,China,2020,9,0.44,0.01,159.06459766270564
341,China,2020,10,0.54,0.0,159.06459766270564
342,China,2020,11,0.36,0.0,159.06459766270564
343,China,2020,12,0.14,0.0,159.06459766270564
344,Colombia,2020,3,15.85,0.28,46.70373980603949
345,Colombia,2020,4,107.53,5.24,46.70373980603949
346,Colombia,2020,5,437.53,12.16,46.70373980603949
347,Colombia,2020,6,1327.13,46.35,46.70373980603949
348,Colombia,2020,7,3793.78,130.85,46.70373980603949
349,Colombia,2020,8,6394.95,189.79,46.70373980603949
350,Colombia,2020,9,4292.94,128.41,46.70373980603949
351,Colombia,2020,10,4749.93,105.42,46.70373980603949
352,Colombia,2020,11,4871.43,108.25,46.70373980603949
353,Colombia,2020,12,2332.13,49.05,46.70373980603949
354,Comoros,2020,5,124.58,2.35,422.5178892646254
355,Comoros,2020,6,195.09,5.88,422.5178892646254
356,Comoros,2020,7,124.58,0.0,422.5178892646254
357,Comoros,2020,8,52.89,0.0,422.5178892646254
358,Comoros,2020,9,65.81,0.0,422.5178892646254
359,Comoros,2020,10,68.16,0.0,422.5178892646254
360,Comoros,2020,11,86.97,0.0,422.5178892646254
361,Comoros,2020,12,19.98,0.0,422.5178892646254
362,Congo,2020,3,3.53,0.0,14.458175101627376
363,Congo,2020,4,37.36,1.67,14.458175101627376
364,Congo,2020,5,68.21,1.86,14.458175101627376
365,Congo,2020,6,122.29,3.9,14.458175101627376
366,Congo,2020,7,396.06,2.97,14.458175101627376
367,Congo,2020,8,112.07,4.09,14.458175101627376
368,Congo,2020,9,206.3,2.04,14.458175101627376
369,Congo,2020,10,37.36,0.56,14.458175101627376
370,Congo,2020,11,89.95,0.37,14.458175101627376
371,Congo,2020,12,51.11,0.93,14.458175101627376
372,Croatia,2020,1,0.0,0.0,78.84057688317318
373,Croatia,2020,2,1.23,0.0,78.84057688317318
374,Croatia,2020,3,192.58,1.47,78.84057688317318
375,Croatia,2020,4,312.05,14.96,78.84057688317318
376,Croatia,2020,5,45.14,8.83,78.84057688317318
377,Croatia,2020,6,117.51,0.98,78.84057688317318
378,Croatia,2020,7,575.53,9.08,78.84057688317318
379,Croatia,2020,8,1239.38,9.81,78.84057688317318
380,Croatia,2020,9,1534.99,22.32,78.84057688317318
381,Croatia,2020,10,7400.68,62.8,78.84057688317318
382,Croatia,2020,11,19641.85,289.73,78.84057688317318
383,Croatia,2020,12,12088.08,227.66,78.84057688317318
384,Cuba,2020,3,15.0,0.35,116.34811024097758
385,Cuba,2020,4,114.44,4.76,116.34811024097758
386,Cuba,2020,5,49.23,2.21,116.34811024097758
387,Cuba,2020,6,27.79,0.26,116.34811024097758
388,Cuba,2020,7,22.68,0.09,116.34811024097758
389,Cuba,2020,8,121.41,0.62,116.34811024097758
390,Cuba,2020,9,137.47,2.47,116.34811024097758
391,Cuba,2020,10,112.06,0.53,116.34811024097758
392,Cuba,2020,11,126.35,0.53,116.34811024097758
393,Cuba,2020,12,105.0,0.26,116.34811024097758
394,Cyprus,2020,3,262.59,7.99,128.3447913715372
395,Cyprus,2020,4,699.85,9.13,128.3447913715372
396,Cyprus,2020,5,114.17,2.28,128.3447913715372
397,Cyprus,2020,6,60.51,2.28,128.3447913715372
398,Cyprus,2020,7,100.47,0.0,128.3447913715372
399,Cyprus,2020,8,460.1,2.28,128.3447913715372
400,Cyprus,2020,9,292.27,1.14,128.3447913715372
401,Cyprus,2020,10,2824.53,3.43,128.3447913715372
402,Cyprus,2020,11,7039.62,26.26,128.3447913715372
403,Cyprus,2020,12,5386.47,34.25,128.3447913715372
404,Czechia,2020,1,0.0,0.0,137.45821891002524
405,Czechia,2020,2,0.0,0.0,137.45821891002524
406,Czechia,2020,3,281.88,2.25,137.45821891002524
407,Czechia,2020,4,429.77,19.06,137.45821891002524
408,Czechia,2020,5,155.03,8.64,137.45821891002524
409,Czechia,2020,6,241.79,2.72,137.45821891002524
410,Czechia,2020,7,426.02,2.91,137.45821891002524
411,Czechia,2020,8,753.54,4.13,137.45821891002524
412,Czechia,2020,9,4082.33,20.0,137.45821891002524
413,Czechia,2020,10,24022.05,229.3,137.45821891002524
414,Czechia,2020,11,18408.8,475.13,137.45821891002524
415,Czechia,2020,12,5761.23,138.12,137.45821891002524
416,Denmark,2020,1,0.0,0.0,135.02915023180378
417,Denmark,2020,2,0.34,0.0,135.02915023180378
418,Denmark,2020,3,443.5,13.26,135.02915023180378
419,Denmark,2020,4,1107.63,63.04,135.02915023180378
420,Denmark,2020,5,452.11,22.05,135.02915023180378
421,Denmark,2020,6,192.56,5.86,135.02915023180378
422,Denmark,2020,7,167.76,1.72,135.02915023180378
423,Denmark,2020,8,512.39,1.55,135.02915023180378
424,Denmark,2020,9,1853.92,4.48,135.02915023180378
425,Denmark,2020,10,3059.03,11.88,135.02915023180378
426,Denmark,2020,11,5877.8,18.95,135.02915023180378
427,Denmark,2020,12,5236.92,19.29,135.02915023180378
428,Djibouti,2020,3,26.71,0.0,44.6347822221951
429,Djibouti,2020,4,1079.55,2.05,44.6347822221951
430,Djibouti,2020,5,2174.5,20.54,44.6347822221951
431,Djibouti,2020,6,1501.71,31.84,44.6347822221951
432,Djibouti,2020,7,436.54,5.14,44.6347822221951
433,Djibouti,2020,8,312.26,2.05,44.6347822221951
434,Djibouti,2020,9,31.84,1.03,44.6347822221951
435,Djibouti,2020,10,146.88,0.0,44.6347822221951
436,Djibouti,2020,11,121.21,0.0,44.6347822221951
437,Djibouti,2020,12,52.39,0.0,44.6347822221951
438,Dominica,2020,3,153.19,0.0,97.81853093531255
439,Dominica,2020,4,69.63,0.0,97.81853093531255
440,Dominica,2020,5,0.0,0.0,97.81853093531255
441,Dominica,2020,6,27.85,0.0,97.81853093531255
442,Dominica,2020,7,0.0,0.0,97.81853093531255
443,Dominica,2020,8,27.85,0.0,97.81853093531255
444,Dominica,2020,9,55.7,0.0,97.81853093531255
445,Dominica,2020,10,250.67,0.0,97.81853093531255
446,Dominica,2020,11,598.82,0.0,97.81853093531255
447,Dominica,2020,12,27.85,0.0,97.81853093531255
448,Ecuador,2020,1,0.0,0.0,68.14615876761809
449,Ecuador,2020,2,0.0,0.0,68.14615876761809
450,Ecuador,2020,3,113.16,3.57,68.14615876761809
451,Ecuador,2020,4,1307.09,47.26,68.14615876761809
452,Ecuador,2020,5,799.83,141.08,68.14615876761809
453,Ecuador,2020,6,983.9,67.23,68.14615876761809
454,Ecuador,2020,7,1652.21,66.48,68.14615876761809
455,Ecuador,2020,8,1685.2,51.69,68.14615876761809
456,Ecuador,2020,9,1272.1,273.81,68.14615876761809
457,Ecuador,2020,10,1807.22,75.98,68.14615876761809
458,Ecuador,2020,11,1437.23,45.53,68.14615876761809
459,Ecuador,2020,12,575.18,26.02,68.14615876761809
460,Egypt,2020,1,0.0,0.0,96.60058892564078
461,Egypt,2020,2,0.01,0.0,96.60058892564078
462,Egypt,2020,3,6.06,0.4,96.60058892564078
463,Egypt,2020,4,46.41,3.39,96.60058892564078
464,Egypt,2020,5,181.11,5.31,96.60058892564078
465,Egypt,2020,6,431.38,19.51,96.60058892564078
466,Egypt,2020,7,268.99,18.95,96.60058892564078
467,Egypt,2020,8,49.51,6.23,96.60058892564078
468,Egypt,2020,9,43.35,5.13,96.60058892564078
469,Egypt,2020,10,42.8,3.43,96.60058892564078
470,Egypt,2020,11,81.33,3.77,96.60058892564078
471,Egypt,2020,12,60.11,2.83,96.60058892564078
472,Eritrea,2020,3,3.43,0.0,51.70020538063727
473,Eritrea,2020,4,7.72,0.0,51.70020538063727
474,Eritrea,2020,5,0.0,0.0,51.70020538063727
475,Eritrea,2020,6,43.46,0.0,51.70020538063727
476,Eritrea,2020,7,25.16,0.0,51.70020538063727
477,Eritrea,2020,8,11.15,0.0,51.70020538063727
478,Eritrea,2020,9,16.3,0.0,51.70020538063727
479,Eritrea,2020,10,24.59,0.0,51.70020538063727
480,Eritrea,2020,11,33.17,0.0,51.70020538063727
481,Eritrea,2020,12,38.32,0.0,51.70020538063727
482,Estonia,2020,1,0.0,0.0,32.90120624330149
483,Estonia,2020,2,0.75,0.0,32.90120624330149
484,Estonia,2020,3,538.94,2.26,32.90120624330149
485,Estonia,2020,4,717.83,35.48,32.90120624330149
486,Estonia,2020,5,150.21,9.81,32.90120624330149
487,Estonia,2020,6,92.09,0.0,32.90120624330149
488,Estonia,2020,7,48.31,0.0,32.90120624330149
489,Estonia,2020,8,243.05,0.75,32.90120624330149
490,Estonia,2020,9,711.04,0.0,32.90120624330149
491,Estonia,2020,10,1099.02,6.79,32.90120624330149
492,Estonia,2020,11,5495.84,29.44,32.90120624330149
493,Estonia,2020,12,4531.18,27.93,32.90120624330149
494,Eswatini,2020,3,7.84,0.0,81.81481993571151
495,Eswatini,2020,4,71.42,0.87,81.81481993571151
496,Eswatini,2020,5,167.23,0.87,81.81481993571151
497,Eswatini,2020,6,445.94,7.84,81.81481993571151
498,Eswatini,2020,7,1552.08,25.26,81.81481993571151
499,Eswatini,2020,8,1728.02,44.42,81.81481993571151
500,Eswatini,2020,9,784.75,14.81,81.81481993571151
501,Eswatini,2020,10,389.33,7.84,81.81481993571151
502,Eswatini,2020,11,436.36,3.48,81.81481993571151
503,Eswatini,2020,12,311.81,5.23,81.81481993571151
504,Ethiopia,2020,3,0.21,0.0,99.25780565603554
505,Ethiopia,2020,4,0.95,0.03,99.25780565603554
506,Ethiopia,2020,5,8.32,0.04,99.25780565603554
507,Ethiopia,2020,6,42.68,0.85,99.25780565603554
508,Ethiopia,2020,7,96.08,1.43,99.25780565603554
509,Ethiopia,2020,8,307.88,4.73,99.25780565603554
510,Ethiopia,2020,9,209.33,3.55,99.25780565603554
511,Ethiopia,2020,10,189.2,2.44,99.25780565603554
512,Ethiopia,2020,11,122.64,2.11,99.25780565603554
513,Ethiopia,2020,12,64.55,0.95,99.25780565603554
514,Fiji,2020,3,5.62,0.0,52.81991825827015
515,Fiji,2020,4,14.61,0.0,52.81991825827015
516,Fiji,2020,5,0.0,0.0,52.81991825827015
517,Fiji,2020,6,0.0,0.0,52.81991825827015
518,Fiji,2020,7,10.11,0.0,52.81991825827015
519,Fiji,2020,8,1.12,2.25,52.81991825827015
520,Fiji,2020,9,4.49,0.0,52.81991825827015
521,Fiji,2020,10,2.25,0.0,52.81991825827015
522,Fiji,2020,11,8.99,0.0,52.81991825827015
523,Fiji,2020,12,4.49,0.0,52.81991825827015
524,Finland,2020,1,0.18,0.0,18.246441678314994
525,Finland,2020,2,0.36,0.0,18.246441678314994
526,Finland,2020,3,237.41,2.36,18.246441678314994
527,Finland,2020,4,651.15,34.98,18.246441678314994
528,Finland,2020,5,347.96,19.94,18.246441678314994
529,Finland,2020,6,69.41,2.17,18.246441678314994
530,Finland,2020,7,38.78,0.18,18.246441678314994
531,Finland,2020,8,118.52,1.09,18.246441678314994
532,Finland,2020,9,328.93,1.45,18.246441678314994
533,Finland,2020,10,1090.63,2.72,18.246441678314994
534,Finland,2020,11,1580.12,6.34,18.246441678314994
535,Finland,2020,12,1120.17,10.87,18.246441678314994
536,France,2020,1,0.09,0.0,124.32482948494476
537,France,2020,2,0.76,0.03,124.32482948494476
538,France,2020,3,663.95,45.1,124.32482948494476
539,France,2020,4,1251.88,314.31,124.32482948494476
540,France,2020,5,344.02,69.9,124.32482948494476
541,France,2020,6,190.47,15.55,124.32482948494476
542,France,2020,7,332.97,6.58,124.32482948494476
543,France,2020,8,1363.47,5.25,124.32482948494476
544,France,2020,9,4070.07,19.21,124.32482948494476
545,France,2020,10,11658.86,69.72,124.32482948494476
546,France,2020,11,13228.78,235.18,124.32482948494476
547,France,2020,12,2363.26,83.36,124.32482948494476
548,Gabon,2020,3,3.22,0.46,7.2060219638046314
549,Gabon,2020,4,123.82,0.92,7.2060219638046314
550,Gabon,2020,5,1095.01,6.44,7.2060219638046314
551,Gabon,2020,6,1260.71,11.51,7.2060219638046314
552,Gabon,2020,7,901.23,3.22,7.2060219638046314
553,Gabon,2020,8,530.71,1.84,7.2060219638046314
554,Gabon,2020,9,113.69,0.46,7.2060219638046314
555,Gabon,2020,10,99.42,0.46,7.2060219638046314
556,Gabon,2020,11,102.64,1.84,7.2060219638046314
557,Gabon,2020,12,63.98,1.84,7.2060219638046314
558,Gambia,2020,3,1.7,0.43,191.71522100441143
559,Gambia,2020,4,2.98,0.0,191.71522100441143
560,Gambia,2020,5,5.96,0.0,191.71522100441143
561,Gambia,2020,6,9.37,0.43,191.71522100441143
562,Gambia,2020,7,151.64,2.56,191.71522100441143
563,Gambia,2020,8,1090.43,37.48,191.71522100441143
564,Gambia,2020,9,262.38,6.82,191.71522100441143
565,Gambia,2020,10,38.76,2.98,191.71522100441143
566,Gambia,2020,11,27.26,1.7,191.71522100441143
567,Gambia,2020,12,20.45,0.0,191.71522100441143
568,Georgia,2020,1,0.0,0.0,73.42162594028056
569,Georgia,2020,2,0.5,0.0,73.42162594028056
570,Georgia,2020,3,24.02,0.0,73.42162594028056
571,Georgia,2020,4,104.83,1.5,73.42162594028056
572,Georgia,2020,5,60.05,1.5,73.42162594028056
573,Georgia,2020,6,42.78,0.75,73.42162594028056
574,Georgia,2020,7,58.05,0.5,73.42162594028056
575,Georgia,2020,8,81.82,0.5,73.42162594028056
576,Georgia,2020,9,1095.64,3.5,73.42162594028056
577,Georgia,2020,10,8274.2,68.56,73.42162594028056
578,Georgia,2020,11,24181.57,240.19,73.42162594028056
579,Georgia,2020,12,13880.99,143.12,73.42162594028056
580,Germany,2020,1,0.06,0.0,238.7506541895501
581,Germany,2020,2,0.63,0.0,238.7506541895501
582,Germany,2020,3,745.08,7.02,238.7506541895501
583,Germany,2020,4,1170.89,68.72,238.7506541895501
584,Germany,2020,5,269.37,26.64,238.7506541895501
585,Germany,2020,6,153.9,5.7,238.7506541895501
586,Germany,2020,7,173.92,2.02,238.7506541895501
587,Germany,2020,8,405.73,1.89,238.7506541895501
588,Germany,2020,9,564.18,2.29,238.7506541895501
589,Germany,2020,10,2764.83,11.61,238.7506541895501
590,Germany,2020,11,6445.69,69.82,238.7506541895501
591,Germany,2020,12,3411.37,68.98,238.7506541895501
592,Ghana,2020,3,5.0,0.16,121.63138385109505
593,Ghana,2020,4,49.94,0.36,121.63138385109505
594,Ghana,2020,5,200.44,0.62,121.63138385109505
595,Ghana,2020,6,315.05,2.53,121.63138385109505
596,Ghana,2020,7,584.89,2.07,121.63138385109505
597,Ghana,2020,8,297.95,3.32,121.63138385109505
598,Ghana,2020,9,74.86,0.82,121.63138385109505
599,Ghana,2020,10,51.71,0.62,121.63138385109505
600,Ghana,2020,11,115.52,0.1,121.63138385109505
601,Ghana,2020,12,47.5,0.13,121.63138385109505
602,Gibraltar,2020,3,2047.11,0.0,3444.519337492781
603,Gibraltar,2020,4,2136.12,0.0,3444.519337492781
604,Gibraltar,2020,5,593.37,0.0,3444.519337492781
605,Gibraltar,2020,6,474.69,0.0,3444.519337492781
606,Gibraltar,2020,7,296.68,0.0,3444.519337492781
607,Gibraltar,2020,8,2907.49,0.0,3444.519337492781
608,Gibraltar,2020,9,3144.84,0.0,3444.519337492781
609,Gibraltar,2020,10,8959.83,0.0,3444.519337492781
610,Gibraltar,2020,11,9523.53,148.34,3444.519337492781
611,Gibraltar,2020,12,1809.77,0.0,3444.519337492781
612,Greece,2020,1,0.0,0.0,90.0181721311899
613,Greece,2020,2,0.37,0.0,90.0181721311899
614,Greece,2020,3,112.64,4.01,90.0181721311899
615,Greece,2020,4,127.18,8.95,90.0181721311899
616,Greece,2020,5,31.61,3.36,90.0181721311899
617,Greece,2020,6,44.29,1.49,90.0181721311899
618,Greece,2020,7,94.27,1.12,90.0181721311899
619,Greece,2020,8,534.57,5.5,90.0181721311899
620,Greece,2020,9,744.92,11.75,90.0181721311899
621,Greece,2020,10,1778.43,21.63,90.0181721311899
622,Greece,2020,11,6250.21,158.61,90.0181721311899
623,Greece,2020,12,1893.5,121.59,90.0181721311899
624,Greenland,2020,3,176.49,0.0,0.1491544621269003
625,Greenland,2020,4,17.65,0.0,0.1491544621269003
626,Greenland,2020,5,35.3,0.0,0.1491544621269003
627,Greenland,2020,6,0.0,0.0,0.1491544621269003
628,Greenland,2020,7,17.65,0.0,0.1491544621269003
629,Greenland,2020,8,0.0,0.0,0.1491544621269003
630,Greenland,2020,9,0.0,0.0,0.1491544621269003
631,Greenland,2020,10,52.95,0.0,0.1491544621269003
632,Greenland,2020,11,17.65,0.0,0.1491544621269003
633,Greenland,2020,12,17.65,0.0,0.1491544621269003
634,Grenada,2020,3,80.36,0.0,315.0113773900193
635,Grenada,2020,4,98.21,0.0,315.0113773900193
636,Grenada,2020,5,26.79,0.0,315.0113773900193
637,Grenada,2020,6,0.0,0.0,315.0113773900193
638,Grenada,2020,7,8.93,0.0,315.0113773900193
639,Grenada,2020,8,0.0,0.0,315.0113773900193
640,Grenada,2020,9,0.0,0.0,315.0113773900193
641,Grenada,2020,10,35.71,0.0,315.0113773900193
642,Grenada,2020,11,116.07,0.0,315.0113773900193
643,Grenada,2020,12,250.0,0.0,315.0113773900193
644,Guam,2020,3,358.65,5.98,338.3073227683126
645,Guam,2020,4,508.08,23.91,338.3073227683126
646,Guam,2020,5,167.37,0.0,338.3073227683126
647,Guam,2020,6,502.11,0.0,338.3073227683126
648,Guam,2020,7,591.77,0.0,338.3073227683126
649,Guam,2020,8,5923.67,29.89,338.3073227683126
650,Guam,2020,9,6551.3,221.17,338.3073227683126
651,Guam,2020,10,13377.57,191.28,338.3073227683126
652,Guam,2020,11,12773.84,197.26,338.3073227683126
653,Guam,2020,12,1721.51,35.86,338.3073227683126
654,Guatemala,2020,3,2.05,0.06,154.42718404973903
655,Guatemala,2020,4,31.23,0.85,154.42718404973903
656,Guatemala,2020,5,236.27,4.89,154.42718404973903
657,Guatemala,2020,6,720.64,36.63,154.42718404973903
658,Guatemala,2020,7,1786.94,63.76,154.42718404973903
659,Guatemala,2020,8,1426.84,49.65,154.42718404973903
660,Guatemala,2020,9,970.11,28.33,154.42718404973903
661,Guatemala,2020,10,931.15,27.07,154.42718404973903
662,Guatemala,2020,11,832.24,25.71,154.42718404973903
663,Guatemala,2020,12,415.84,14.62,154.42718404973903
664,Guinea,2020,3,1.25,0.0,49.30423881079104
665,Guinea,2020,4,104.53,0.55,49.30423881079104
666,Guinea,2020,5,184.4,1.25,49.30423881079104
667,Guinea,2020,6,128.8,0.63,49.30423881079104
668,Guinea,2020,7,148.07,1.17,49.30423881079104
669,Guinea,2020,8,166.7,1.02,49.30423881079104
670,Guinea,2020,9,98.89,0.55,49.30423881079104
671,Guinea,2020,10,112.6,0.47,49.30423881079104
672,Guinea,2020,11,75.72,0.31,49.30423881079104
673,Guinea,2020,12,29.83,0.23,49.30423881079104
674,Guyana,2020,3,10.22,1.28,4.012002550999736
675,Guyana,2020,4,89.43,8.94,4.012002550999736
676,Guyana,2020,5,94.54,5.11,4.012002550999736
677,Guyana,2020,6,106.03,0.0,4.012002550999736
678,Guyana,2020,7,212.07,10.22,4.012002550999736
679,Guyana,2020,8,1064.16,21.72,4.012002550999736
680,Guyana,2020,9,2059.34,52.38,4.012002550999736
681,Guyana,2020,10,1656.93,58.77,4.012002550999736
682,Guyana,2020,11,1575.17,33.22,4.012002550999736
683,Guyana,2020,12,694.96,6.39,4.012002550999736
684,Haiti,2020,3,1.33,0.0,405.8535154475466
685,Haiti,2020,4,5.42,0.53,405.8535154475466
686,Haiti,2020,5,158.84,3.11,405.8535154475466
687,Haiti,2020,6,361.18,5.68,405.8535154475466
688,Haiti,2020,7,131.31,4.97,405.8535154475466
689,Haiti,2020,8,70.76,3.55,405.8535154475466
690,Haiti,2020,9,47.77,2.49,405.8535154475466
691,Haiti,2020,10,27.26,0.27,405.8535154475466
692,Haiti,2020,11,18.64,0.0,405.8535154475466
693,Haiti,2020,12,26.72,0.18,405.8535154475466
694,Honduras,2020,3,14.47,0.72,83.17867645467595
695,Honduras,2020,4,64.64,6.57,83.17867645467595
696,Honduras,2020,5,443.56,13.34,83.17867645467595
697,Honduras,2020,6,1408.15,29.14,83.17867645467595
698,Honduras,2020,7,2319.69,84.85,83.17867645467595
699,Honduras,2020,8,1923.64,56.02,83.17867645467595
700,Honduras,2020,9,1633.88,47.71,83.17867645467595
701,Honduras,2020,10,2133.16,35.5,83.17867645467595
702,Honduras,2020,11,1128.65,24.63,83.17867645467595
703,Honduras,2020,12,663.96,6.77,83.17867645467595
704,Hungary,2020,3,50.34,1.64,111.16973100922691
705,Hungary,2020,4,233.61,30.29,111.16973100922691
706,Hungary,2020,5,111.74,21.69,111.16973100922691
707,Hungary,2020,6,28.45,6.24,111.16973100922691
708,Hungary,2020,7,36.84,1.13,111.16973100922691
709,Hungary,2020,8,148.99,1.84,111.16973100922691
710,Hungary,2020,9,2097.67,15.45,111.16973100922691
711,Hungary,2020,10,4999.61,100.79,111.16973100922691
712,Hungary,2020,11,14509.83,314.45,111.16973100922691
713,Hungary,2020,12,6830.01,236.06,111.16973100922691
714,Iceland,2020,1,0.0,0.0,3.401784638273334
715,Iceland,2020,2,2.8,0.0,3.401784638273334
716,Iceland,2020,3,3039.29,5.6,3.401784638273334
717,Iceland,2020,4,1991.65,22.41,3.401784638273334
718,Iceland,2020,5,25.21,0.0,3.401784638273334
719,Iceland,2020,6,44.82,0.0,3.401784638273334
720,Iceland,2020,7,140.06,0.0,3.401784638273334
721,Iceland,2020,8,652.68,0.0,3.401784638273334
722,Iceland,2020,9,1652.7,0.0,3.401784638273334
723,Iceland,2020,10,5888.1,5.6,3.401784638273334
724,Iceland,2020,11,1635.9,39.22,3.401784638273334
725,Iceland,2020,12,493.01,5.6,3.401784638273334
726,India,2020,1,0.0,0.0,464.9517975665094
727,India,2020,2,0.0,0.0,464.9517975665094
728,India,2020,3,0.91,0.02,464.9517975665094
729,India,2020,4,23.27,0.76,464.9517975665094
730,India,2020,5,109.11,2.99,464.9517975665094
731,India,2020,6,281.54,8.58,464.9517975665094
732,India,2020,7,784.56,13.8,464.9517975665094
733,India,2020,8,1450.78,21.02,464.9517975665094
734,India,2020,9,1906.09,24.17,464.9517975665094
735,India,2020,10,1398.81,17.67,464.9517975665094
736,India,2020,11,947.42,11.34,464.9517975665094
737,India,2020,12,331.09,4.55,464.9517975665094
738,Indonesia,2020,1,0.0,0.0,151.63872347949473
739,Indonesia,2020,2,0.0,0.0,151.63872347949473
740,Indonesia,2020,3,5.22,0.45,151.63872347949473
741,Indonesia,2020,4,30.88,2.45,151.63872347949473
742,Indonesia,2020,5,59.13,2.92,151.63872347949473
743,Indonesia,2020,6,108.34,4.55,151.63872347949473
744,Indonesia,2020,7,189.35,8.33,151.63872347949473
745,Indonesia,2020,8,242.83,8.44,151.63872347949473
746,Indonesia,2020,9,408.95,12.04,151.63872347949473
747,Indonesia,2020,10,459.01,11.75,151.63872347949473
748,Indonesia,2020,11,470.47,11.21,151.63872347949473
749,Indonesia,2020,12,308.74,7.41,151.63872347949473
750,Iran,2020,1,0.0,0.0,53.43249770768421
751,Iran,2020,2,4.68,0.41,53.43249770768421
752,Iran,2020,3,495.78,32.84,53.43249770768421
753,Iran,2020,4,629.11,38.59,53.43249770768421
754,Iran,2020,5,666.87,21.43,53.43249770768421
755,Iran,2020,6,919.69,35.41,53.43249770768421
756,Iran,2020,7,920.53,71.15,53.43249770768421
757,Iran,2020,8,868.85,59.01,53.43249770768421
758,Iran,2020,9,965.66,54.56,53.43249770768421
759,Iran,2020,10,1824.97,102.42,53.43249770768421
760,Iran,2020,11,4146.43,161.58,53.43249770768421
761,Iran,2020,12,1923.92,52.11,53.43249770768421
762,Iraq,2020,1,0.0,0.0,81.58296454781885
763,Iraq,2020,2,0.18,0.0,81.58296454781885
764,Iraq,2020,3,15.85,1.17,81.58296454781885
765,Iraq,2020,4,34.93,1.17,81.58296454781885
766,Iraq,2020,5,106.23,2.62,81.58296454781885
767,Iraq,2020,6,1042.28,41.82,81.58296454781885
768,Iraq,2020,7,1885.33,72.04,81.58296454781885
769,Iraq,2020,8,2796.1,58.2,81.58296454781885
770,Iraq,2020,9,3233.62,55.02,81.58296454781885
771,Iraq,2020,10,2857.89,44.26,81.58296454781885
772,Iraq,2020,11,2030.08,34.65,81.58296454781885
773,Iraq,2020,12,615.6,9.03,81.58296454781885
774,Ireland,2020,1,0.0,0.0,68.67432479235003
775,Ireland,2020,2,0.0,0.0,68.67432479235003
776,Ireland,2020,3,593.36,11.01,68.67432479235003
777,Ireland,2020,4,3536.33,231.64,68.67432479235003
778,Ireland,2020,5,953.46,93.8,68.67432479235003
779,Ireland,2020,6,108.68,17.33,68.67432479235003
780,Ireland,2020,7,115.21,5.71,68.67432479235003
781,Ireland,2020,8,557.27,2.85,68.67432479235003
782,Ireland,2020,9,1423.26,5.3,68.67432479235003
783,Ireland,2020,10,5162.68,21.41,68.67432479235003
784,Ireland,2020,11,2280.07,29.36,68.67432479235003
785,Ireland,2020,12,804.2,14.68,68.67432479235003
786,Israel,2020,1,0.0,0.0,399.2795914119142
787,Israel,2020,2,0.82,0.0,399.2795914119142
788,Israel,2020,3,524.22,2.0,399.2795914119142
789,Israel,2020,4,1333.55,23.24,399.2795914119142
790,Israel,2020,5,138.27,8.1,399.2795914119142
791,Israel,2020,6,872.01,4.11,399.2795914119142
792,Israel,2020,7,5392.18,21.6,399.2795914119142
793,Israel,2020,8,5122.56,48.83,399.2795914119142
794,Israel,2020,9,14426.65,71.48,399.2795914119142
795,Israel,2020,10,9011.81,115.74,399.2795914119142
796,Israel,2020,11,2615.1,41.08,399.2795914119142
797,Israel,2020,12,2568.15,15.85,399.2795914119142
798,Italy,2020,1,0.05,0.0,206.69832000923577
799,Italy,2020,2,14.66,0.35,206.69832000923577
800,Italy,2020,3,1670.84,191.68,206.69832000923577
801,Italy,2020,4,1687.42,266.59,206.69832000923577
802,Italy,2020,5,481.66,93.74,206.69832000923577
803,Italy,2020,6,128.76,23.26,206.69832000923577
804,Italy,2020,7,111.37,6.43,206.69832000923577
805,Italy,2020,8,348.91,5.72,206.69832000923577
806,Italy,2020,9,742.1,6.59,206.69832000923577
807,Italy,2020,10,5544.49,40.52,206.69832000923577
808,Italy,2020,11,15531.99,274.74,206.69832000923577
809,Italy,2020,12,4283.23,159.31,206.69832000923577
810,Jamaica,2020,3,12.89,0.34,283.6735393355793
811,Jamaica,2020,4,121.43,2.04,283.6735393355793
812,Jamaica,2020,5,62.75,0.68,283.6735393355793
813,Jamaica,2020,6,39.68,0.34,283.6735393355793
814,Jamaica,2020,7,56.3,0.0,283.6735393355793
815,Jamaica,2020,8,506.4,3.73,283.6735393355793
816,Jamaica,2020,9,1365.2,26.8,283.6735393355793
817,Jamaica,2020,10,889.67,35.61,283.6735393355793
818,Jamaica,2020,11,577.96,17.3,283.6735393355793
819,Jamaica,2020,12,339.52,5.77,283.6735393355793
820,Japan,2020,1,0.11,0.0,374.2111812950852
821,Japan,2020,2,1.7,0.02,374.2111812950852
822,Japan,2020,3,13.58,0.42,374.2111812950852
823,Japan,2020,4,95.66,2.83,374.2111812950852
824,Japan,2020,5,21.78,3.75,374.2111812950852
825,Japan,2020,6,13.73,0.64,374.2111812950852
826,Japan,2020,7,119.67,0.26,374.2111812950852
827,Japan,2020,8,268.73,2.16,374.2111812950852
828,Japan,2020,9,119.38,2.25,374.2111812950852
829,Japan,2020,10,137.02,1.51,374.2111812950852
830,Japan,2020,11,365.5,2.87,374.2111812950852
831,Japan,2020,12,259.29,3.67,374.2111812950852
832,Jordan,2020,3,26.53,0.49,96.30718899674775
833,Jordan,2020,4,18.12,0.3,96.30718899674775
834,Jordan,2020,5,28.02,0.1,96.30718899674775
835,Jordan,2020,6,39.0,0.0,96.30718899674775
836,Jordan,2020,7,6.24,0.2,96.30718899674775
837,Jordan,2020,8,76.72,0.4,96.30718899674775
838,Jordan,2020,9,800.16,4.16,96.30718899674775
839,Jordan,2020,10,5866.04,70.78,96.30718899674775
840,Jordan,2020,11,14354.12,190.27,96.30718899674775
841,Jordan,2020,12,4485.09,66.42,96.30718899674775
842,Kazakhstan,2020,3,17.52,0.05,6.609741479426688
843,Kazakhstan,2020,4,155.24,1.29,6.609741479426688
844,Kazakhstan,2020,5,412.53,0.7,6.609741479426688
845,Kazakhstan,2020,6,590.84,8.09,6.609741479426688
846,Kazakhstan,2020,7,3625.54,32.61,6.609741479426688
847,Kazakhstan,2020,8,2242.15,53.26,6.609741479426688
848,Kazakhstan,2020,9,540.87,16.01,6.609741479426688
849,Kazakhstan,2020,10,484.71,7.98,6.609741479426688
850,Kazakhstan,2020,11,1299.47,11.16,6.609741479426688
851,Kazakhstan,2020,12,672.24,6.41,6.609741479426688
852,Kenya,2020,3,0.95,0.02,83.88549781535768
853,Kenya,2020,4,6.35,0.27,83.88549781535768
854,Kenya,2020,5,28.61,0.91,83.88549781535768
855,Kenya,2020,6,81.83,1.54,83.88549781535768
856,Kenya,2020,7,261.02,3.44,83.88549781535768
857,Kenya,2020,8,269.03,4.74,83.88549781535768
858,Kenya,2020,9,82.19,2.53,83.88549781535768
859,Kenya,2020,10,293.28,5.21,83.88549781535768
860,Kenya,2020,11,561.48,8.96,83.88549781535768
861,Kenya,2020,12,163.12,2.57,83.88549781535768
862,Kosovo,2020,3,61.16,0.56,188.4890322616548
863,Kosovo,2020,4,388.1,11.12,188.4890322616548
864,Kosovo,2020,5,145.68,5.0,188.4890322616548
865,Kosovo,2020,6,961.35,10.56,188.4890322616548
866,Kosovo,2020,7,2949.67,90.63,188.4890322616548
867,Kosovo,2020,8,2907.97,169.03,188.4890322616548
868,Kosovo,2020,9,1245.48,60.61,188.4890322616548
869,Kosovo,2020,10,2087.29,29.47,188.4890322616548
870,Kosovo,2020,11,10969.66,181.82,188.4890322616548
871,Kosovo,2020,12,4182.92,107.31,188.4890322616548
872,Kuwait,2020,1,0.0,0.0,202.84870768151177
873,Kuwait,2020,2,10.7,0.0,202.84870768151177
874,Kuwait,2020,3,52.53,0.0,202.84870768151177
875,Kuwait,2020,4,825.75,5.7,202.84870768151177
876,Kuwait,2020,5,5336.72,43.02,202.84870768151177
877,Kuwait,2020,6,4595.11,34.47,202.84870768151177
878,Kuwait,2020,7,4992.78,22.58,202.84870768151177
879,Kuwait,2020,8,4303.94,20.2,202.84870768151177
880,Kuwait,2020,9,4737.73,18.3,202.84870768151177
881,Kuwait,2020,10,4936.68,39.46,202.84870768151177
882,Kuwait,2020,11,4061.97,24.96,202.84870768151177
883,Kuwait,2020,12,901.34,7.84,202.84870768151177
884,Kyrgyzstan,2020,3,13.09,0.0,32.4526554408244
885,Kyrgyzstan,2020,4,103.18,1.25,32.4526554408244
886,Kyrgyzstan,2020,5,156.18,1.25,32.4526554408244
887,Kyrgyzstan,2020,6,553.01,6.39,32.4526554408244
888,Kyrgyzstan,2020,7,4755.25,205.9,32.4526554408244
889,Kyrgyzstan,2020,8,1261.41,-49.88,32.4526554408244
890,Kyrgyzstan,2020,9,431.9,0.94,32.4526554408244
891,Kyrgyzstan,2020,10,1902.94,12.62,32.4526554408244
892,Kyrgyzstan,2020,11,2171.03,19.64,32.4526554408244
893,Kyrgyzstan,2020,12,758.59,6.39,32.4526554408244
894,Laos,2020,3,1.26,0.0,30.440065136774702
895,Laos,2020,4,1.39,0.0,30.440065136774702
896,Laos,2020,5,0.0,0.0,30.440065136774702
897,Laos,2020,6,0.0,0.0,30.440065136774702
898,Laos,2020,7,0.14,0.0,30.440065136774702
899,Laos,2020,8,0.28,0.0,30.440065136774702
900,Laos,2020,9,0.14,0.0,30.440065136774702
901,Laos,2020,10,0.14,0.0,30.440065136774702
902,Laos,2020,11,2.09,0.0,30.440065136774702
903,Laos,2020,12,0.28,0.0,30.440065136774702
904,Latvia,2020,3,195.84,0.0,35.13612611423335
905,Latvia,2020,4,246.36,7.81,35.13612611423335
906,Latvia,2020,5,112.5,4.69,35.13612611423335
907,Latvia,2020,6,27.08,3.13,35.13612611423335
908,Latvia,2020,7,57.81,0.52,35.13612611423335
909,Latvia,2020,8,85.94,1.56,35.13612611423335
910,Latvia,2020,9,175.0,1.56,35.13612611423335
911,Latvia,2020,10,2057.33,16.67,35.13612611423335
912,Latvia,2020,11,5883.43,66.67,35.13612611423335
913,Latvia,2020,12,4531.33,79.17,35.13612611423335
914,Lebanon,2020,1,0.0,0.0,494.88541664968034
915,Lebanon,2020,2,0.44,0.0,494.88541664968034
916,Lebanon,2020,3,64.62,1.6,494.88541664968034
917,Lebanon,2020,4,40.11,1.9,494.88541664968034
918,Lebanon,2020,5,68.56,0.29,494.88541664968034
919,Lebanon,2020,6,80.81,1.17,494.88541664968034
920,Lebanon,2020,7,377.64,3.35,494.88541664968034
921,Lebanon,2020,8,1828.55,15.02,494.88541664968034
922,Lebanon,2020,9,3137.09,29.32,494.88541664968034
923,Lebanon,2020,10,6002.59,38.51,494.88541664968034
924,Lebanon,2020,11,6916.13,55.28,494.88541664968034
925,Lebanon,2020,12,2855.43,28.59,494.88541664968034
926,Lesotho,2020,5,0.94,0.0,76.8521847340894
927,Lesotho,2020,6,11.76,0.0,76.8521847340894
928,Lesotho,2020,7,271.5,6.12,76.8521847340894
929,Lesotho,2020,8,217.38,8.47,76.8521847340894
930,Lesotho,2020,9,239.97,1.88,76.8521847340894
931,Lesotho,2020,10,174.57,3.76,76.8521847340894
932,Lesotho,2020,11,76.23,0.47,76.8521847340894
933,Lesotho,2020,12,66.34,0.0,76.8521847340894
934,Liberia,2020,3,0.61,0.0,44.78933638776789
935,Liberia,2020,4,27.95,3.24,44.78933638776789
936,Liberia,2020,5,28.15,2.23,44.78933638776789
937,Liberia,2020,6,99.24,1.82,44.78933638776789
938,Liberia,2020,7,83.24,7.49,44.78933638776789
939,Liberia,2020,8,24.91,1.82,44.78933638776789
940,Liberia,2020,9,7.9,0.0,44.78933638776789
941,Liberia,2020,10,16.81,0.0,44.78933638776789
942,Liberia,2020,11,34.23,0.2,44.78933638776789
943,Liberia,2020,12,16.41,0.0,44.78933638776789
944,Libya,2020,3,1.18,0.0,4.038441081268034
945,Libya,2020,4,7.82,0.3,4.038441081268034
946,Libya,2020,5,10.18,0.44,4.038441081268034
947,Libya,2020,6,93.25,2.36,4.038441081268034
948,Libya,2020,7,362.97,7.38,4.038441081268034
949,Libya,2020,8,1505.14,23.76,4.038441081268034
950,Libya,2020,9,3038.16,45.44,4.038441081268034
951,Libya,2020,10,3926.84,45.3,4.038441081268034
952,Libya,2020,11,3216.84,47.07,4.038441081268034
953,Libya,2020,12,1231.88,19.62,4.038441081268034
954,Liechtenstein,2020,3,1667.62,0.0,250.4932022590592
955,Liechtenstein,2020,4,495.08,26.06,250.4932022590592
956,Liechtenstein,2020,5,0.0,0.0,250.4932022590592
957,Liechtenstein,2020,6,0.0,0.0,250.4932022590592
958,Liechtenstein,2020,7,156.34,0.0,250.4932022590592
959,Liechtenstein,2020,8,495.08,0.0,250.4932022590592
960,Liechtenstein,2020,9,312.68,0.0,250.4932022590592
961,Liechtenstein,2020,10,10500.81,26.06,250.4932022590592
962,Liechtenstein,2020,11,19542.45,338.74,250.4932022590592
963,Liechtenstein,2020,12,6279.64,78.17,250.4932022590592
964,Lithuania,2020,1,0.0,0.0,52.78258850505681
965,Lithuania,2020,2,0.36,0.0,52.78258850505681
966,Lithuania,2020,3,172.86,2.51,52.78258850505681
967,Lithuania,2020,4,318.88,13.6,52.78258850505681
968,Lithuania,2020,5,105.58,8.95,52.78258850505681
969,Lithuania,2020,6,52.25,2.86,52.78258850505681
970,Lithuania,2020,7,88.04,0.72,52.78258850505681
971,Lithuania,2020,8,290.6,2.15,52.78258850505681
972,Lithuania,2020,9,609.84,2.15,52.78258850505681
973,Lithuania,2020,10,3308.66,23.26,52.78258850505681
974,Lithuania,2020,11,17000.31,124.9,52.78258850505681
975,Lithuania,2020,12,12059.33,114.17,52.78258850505681
976,Luxembourg,2020,1,0.0,0.0,236.10842659744685
977,Luxembourg,2020,2,0.0,0.0,236.10842659744685
978,Luxembourg,2020,3,3238.34,35.84,236.10842659744685
979,Luxembourg,2020,4,2901.15,109.14,236.10842659744685
980,Luxembourg,2020,5,402.35,34.21,236.10842659744685
981,Luxembourg,2020,6,390.95,0.0,236.10842659744685
982,Luxembourg,2020,7,3844.31,6.52,236.10842659744685
983,Luxembourg,2020,8,14.66,16.29,236.10842659744685
984,Luxembourg,2020,9,2941.88,0.0,236.10842659744685
985,Luxembourg,2020,10,14176.71,45.61,236.10842659744685
986,Luxembourg,2020,11,27429.82,250.86,236.10842659744685
987,Luxembourg,2020,12,11889.67,146.61,236.10842659744685
988,Madagascar,2020,3,1.63,0.0,41.1819534559411
989,Madagascar,2020,4,3.11,0.0,41.1819534559411
990,Madagascar,2020,5,23.36,0.22,41.1819534559411
991,Madagascar,2020,6,51.17,0.52,41.1819534559411
992,Madagascar,2020,7,319.25,3.15,41.1819534559411
993,Madagascar,2020,8,151.84,3.19,41.1819534559411
994,Madagascar,2020,9,56.88,1.41,41.1819534559411
995,Madagascar,2020,10,21.91,0.56,41.1819534559411
996,Madagascar,2020,11,13.83,0.26,41.1819534559411
997,Madagascar,2020,12,11.01,0.26,41.1819534559411
998,Malawi,2020,4,1.93,0.16,184.94007693281586
999,Malawi,2020,5,13.04,0.05,184.94007693281586
1000,Malawi,2020,6,50.73,0.54,184.94007693281586
1001,Malawi,2020,7,148.0,5.1,184.94007693281586
1002,Malawi,2020,8,83.47,3.49,184.94007693281586
1003,Malawi,2020,9,12.67,0.27,184.94007693281586
1004,Malawi,2020,10,8.11,0.27,184.94007693281586
1005,Malawi,2020,11,5.48,0.05,184.94007693281586
1006,Malawi,2020,12,2.2,0.11,184.94007693281586
1007,Malaysia,2020,1,0.25,0.0,97.02151507170673
1008,Malaysia,2020,2,0.53,0.0,97.02151507170673
1009,Malaysia,2020,3,81.41,1.16,97.02151507170673
1010,Malaysia,2020,4,103.88,1.97,97.02151507170673
1011,Malaysia,2020,5,56.87,0.47,97.02151507170673
1012,Malaysia,2020,6,27.39,0.19,97.02151507170673
1013,Malaysia,2020,7,10.23,0.09,97.02151507170673
1014,Malaysia,2020,8,11.58,0.06,97.02151507170673
1015,Malaysia,2020,9,56.37,0.25,97.02151507170673
1016,Malaysia,2020,10,618.6,3.6,97.02151507170673
1017,Malaysia,2020,11,1051.21,3.38,97.02151507170673
1018,Malaysia,2020,12,594.37,1.82,97.02151507170673
1019,Maldives,2020,3,32.02,0.0,1398.8342190893306
1020,Maldives,2020,4,489.68,0.0,1398.8342190893306
1021,Maldives,2020,5,2627.33,9.42,1398.8342190893306
1022,Maldives,2020,6,1250.57,5.65,1398.8342190893306
1023,Maldives,2020,7,2604.73,15.07,1398.8342190893306
1024,Maldives,2020,8,7435.63,22.6,1398.8342190893306
1025,Maldives,2020,9,4759.33,11.3,1398.8342190893306
1026,Maldives,2020,10,2729.03,5.65,1398.8342190893306
1027,Maldives,2020,11,2544.46,16.95,1398.8342190893306
1028,Maldives,2020,12,704.39,3.77,1398.8342190893306
1029,Mali,2020,3,0.92,0.0,13.598432550390784
1030,Mali,2020,4,23.6,1.27,13.598432550390784
1031,Mali,2020,5,39.07,2.59,13.598432550390784
1032,Mali,2020,6,46.95,1.98,13.598432550390784
1033,Mali,2020,7,17.75,0.46,13.598432550390784
1034,Mali,2020,8,12.77,0.1,13.598432550390784
1035,Mali,2020,9,16.13,0.2,13.598432550390784
1036,Mali,2020,10,23.15,0.31,13.598432550390784
1037,Mali,2020,11,56.67,0.66,13.598432550390784
1038,Mali,2020,12,58.75,2.29,13.598432550390784
1039,Malta,2020,3,342.41,0.0,1386.2332254446994
1040,Malta,2020,4,597.7,8.1,1386.2332254446994
1041,Malta,2020,5,309.99,10.13,1386.2332254446994
1042,Malta,2020,6,105.36,0.0,1386.2332254446994
1043,Malta,2020,7,135.75,0.0,1386.2332254446994
1044,Malta,2020,8,2327.99,6.08,1386.2332254446994
1045,Malta,2020,9,2358.38,44.57,1386.2332254446994
1046,Malta,2020,10,6043.86,50.65,1386.2332254446994
1047,Malta,2020,11,7537.09,149.93,1386.2332254446994
1048,Malta,2020,12,2733.21,66.86,1386.2332254446994
1049,Mauritania,2020,3,1.1,0.0,3.994668367330576
1050,Mauritania,2020,4,0.44,0.22,3.994668367330576
1051,Mauritania,2020,5,105.18,4.42,3.994668367330576
1052,Mauritania,2020,6,810.04,23.2,3.994668367330576
1053,Mauritania,2020,7,468.66,6.63,3.994668367330576
1054,Mauritania,2020,8,166.16,0.66,3.994668367330576
1055,Mauritania,2020,9,99.87,0.44,3.994668367330576
1056,Mauritania,2020,10,44.85,0.44,3.994668367330576
1057,Mauritania,2020,11,192.68,2.65,3.994668367330576
1058,Mauritania,2020,12,492.96,10.39,3.994668367330576
1059,Mauritius,2020,3,100.81,2.36,673.2844436240775
1060,Mauritius,2020,4,160.67,5.51,673.2844436240775
1061,Mauritius,2020,5,2.36,0.0,673.2844436240775
1062,Mauritius,2020,6,4.73,0.0,673.2844436240775
1063,Mauritius,2020,7,2.36,0.0,673.2844436240775
1064,Mauritius,2020,8,1.58,0.0,673.2844436240775
1065,Mauritius,2020,9,27.57,0.0,673.2844436240775
1066,Mauritius,2020,10,47.26,0.0,673.2844436240775
1067,Mauritius,2020,11,47.26,0.0,673.2844436240775
1068,Mauritius,2020,12,11.03,0.0,673.2844436240775
1069,Mexico,2020,1,0.02,0.0,68.81772915084434
1070,Mexico,2020,2,0.09,0.0,68.81772915084434
1071,Mexico,2020,3,19.06,0.22,68.81772915084434
1072,Mexico,2020,4,202.05,13.36,68.81772915084434
1073,Mexico,2020,5,686.71,63.08,68.81772915084434
1074,Mexico,2020,6,1173.27,135.94,68.81772915084434
1075,Mexico,2020,7,1645.18,147.98,68.81772915084434
1076,Mexico,2020,8,1301.56,142.33,68.81772915084434
1077,Mexico,2020,9,1118.02,101.94,68.81772915084434
1078,Mexico,2020,10,1056.14,110.73,68.81772915084434
1079,Mexico,2020,11,1475.67,112.61,68.81772915084434
1080,Mexico,2020,12,1120.69,65.04,68.81772915084434
1081,Moldova,2020,3,73.7,0.49,134.21906424999358
1082,Moldova,2020,4,858.96,26.96,134.21906424999358
1083,Moldova,2020,5,1070.18,44.52,134.21906424999358
1084,Moldova,2020,6,2042.66,60.59,134.21906424999358
1085,Moldova,2020,7,1877.2,58.12,134.21906424999358
1086,Moldova,2020,8,3154.14,54.66,134.21906424999358
1087,Moldova,2020,9,3791.25,78.65,134.21906424999358
1088,Moldova,2020,10,5731.02,112.78,134.21906424999358
1089,Moldova,2020,11,7868.9,129.6,134.21906424999358
1090,Moldova,2020,12,4823.09,69.75,134.21906424999358
1091,Monaco,2020,1,0.0,0.0,19518.49401011219
1092,Monaco,2020,2,30.23,0.0,19518.49401011219
1093,Monaco,2020,3,1057.88,0.0,19518.49401011219
1094,Monaco,2020,4,906.76,30.23,19518.49401011219
1095,Monaco,2020,5,30.23,0.0,19518.49401011219
1096,Monaco,2020,6,90.68,0.0,19518.49401011219
1097,Monaco,2020,7,423.15,0.0,19518.49401011219
1098,Monaco,2020,8,1420.58,0.0,19518.49401011219
1099,Monaco,2020,9,2508.69,0.0,19518.49401011219
1100,Monaco,2020,10,4261.75,0.0,19518.49401011219
1101,Monaco,2020,11,7646.97,30.23,19518.49401011219
1102,Monaco,2020,12,1813.51,0.0,19518.49401011219
1103,Mongolia,2020,3,3.72,0.0,2.0275850193671587
1104,Mongolia,2020,4,8.06,0.0,2.0275850193671587
1105,Mongolia,2020,5,43.72,0.0,2.0275850193671587
1106,Mongolia,2020,6,12.71,0.0,2.0275850193671587
1107,Mongolia,2020,7,22.01,0.0,2.0275850193671587
1108,Mongolia,2020,8,3.1,0.0,2.0275850193671587
1109,Mongolia,2020,9,3.72,0.0,2.0275850193671587
1110,Mongolia,2020,10,10.23,0.0,2.0275850193671587
1111,Mongolia,2020,11,137.98,0.0,2.0275850193671587
1112,Mongolia,2020,12,37.52,0.0,2.0275850193671587
1113,Montenegro,2020,3,146.26,1.61,48.470853349041654
1114,Montenegro,2020,4,371.27,9.64,48.470853349041654
1115,Montenegro,2020,5,3.21,3.21,48.470853349041654
1116,Montenegro,2020,6,284.48,3.21,48.470853349041654
1117,Montenegro,2020,7,4133.84,59.47,48.470853349041654
1118,Montenegro,2020,8,2759.64,80.36,48.470853349041654
1119,Montenegro,2020,9,9297.92,106.08,48.470853349041654
1120,Montenegro,2020,10,12039.89,208.94,48.470853349041654
1121,Montenegro,2020,11,27025.85,310.2,48.470853349041654
1122,Montenegro,2020,12,10519.43,152.69,48.470853349041654
1123,Morocco,2020,3,15.24,0.9,82.73656811134788
1124,Morocco,2020,4,103.23,3.7,82.73656811134788
1125,Morocco,2020,5,94.84,0.99,82.73656811134788
1126,Morocco,2020,6,123.66,0.58,82.73656811134788
1127,Morocco,2020,7,300.75,3.32,82.73656811134788
1128,Morocco,2020,8,1045.74,20.98,82.73656811134788
1129,Morocco,2020,9,1639.19,28.54,82.73656811134788
1130,Morocco,2020,10,2580.38,40.39,82.73656811134788
1131,Morocco,2020,11,3797.7,59.33,82.73656811134788
1132,Morocco,2020,12,1255.93,22.89,82.73656811134788
1133,Mozambique,2020,3,0.26,0.0,34.38584274788025
1134,Mozambique,2020,4,2.24,0.0,34.38584274788025
1135,Mozambique,2020,5,5.53,0.07,34.38584274788025
1136,Mozambique,2020,6,21.04,0.13,34.38584274788025
1137,Mozambique,2020,7,30.46,0.16,34.38584274788025
1138,Mozambique,2020,8,66.29,0.4,34.38584274788025
1139,Mozambique,2020,9,155.93,1.19,34.38584274788025
1140,Mozambique,2020,10,139.0,1.05,34.38584274788025
1141,Mozambique,2020,11,93.39,1.28,34.38584274788025
1142,Mozambique,2020,12,44.16,0.4,34.38584274788025
1143,Myanmar,2020,3,0.26,0.0,87.2204358263907
1144,Myanmar,2020,4,2.52,0.11,87.2204358263907
1145,Myanmar,2020,5,1.37,0.0,87.2204358263907
1146,Myanmar,2020,6,1.39,0.0,87.2204358263907
1147,Myanmar,2020,7,1.0,0.0,87.2204358263907
1148,Myanmar,2020,8,8.03,0.0,87.2204358263907
1149,Myanmar,2020,9,215.34,5.14,87.2204358263907
1150,Myanmar,2020,10,722.93,17.3,87.2204358263907
1151,Myanmar,2020,11,702.93,12.93,87.2204358263907
1152,Myanmar,2020,12,348.89,6.48,87.2204358263907
1153,Namibia,2020,3,4.41,0.0,3.088073837255692
1154,Namibia,2020,4,2.0,0.0,3.088073837255692
1155,Namibia,2020,5,2.81,0.0,3.088073837255692
1156,Namibia,2020,6,69.35,0.0,3.088073837255692
1157,Namibia,2020,7,744.03,4.01,3.088073837255692
1158,Namibia,2020,8,2129.87,24.85,3.088073837255692
1159,Namibia,2020,9,1513.31,19.64,3.088073837255692
1160,Namibia,2020,10,708.35,4.81,3.088073837255692
1161,Namibia,2020,11,576.46,7.22,3.088073837255692
1162,Namibia,2020,12,878.32,3.61,3.088073837255692
1163,Nepal,2020,1,0.03,0.0,213.06285488302186
1164,Nepal,2020,2,0.0,0.0,213.06285488302186
1165,Nepal,2020,3,0.14,0.0,213.06285488302186
1166,Nepal,2020,4,1.82,0.0,213.06285488302186
1167,Nepal,2020,5,46.98,0.21,213.06285488302186
1168,Nepal,2020,6,414.1,0.8,213.06285488302186
1169,Nepal,2020,7,220.18,0.8,213.06285488302186
1170,Nepal,2020,8,664.62,5.91,213.06285488302186
1171,Nepal,2020,9,1317.68,9.44,213.06285488302186
1172,Nepal,2020,10,3215.0,15.0,213.06285488302186
1173,Nepal,2020,11,2228.1,19.54,213.06285488302186
1174,Nepal,2020,12,574.82,7.66,213.06285488302186
1175,Netherlands,2020,1,0.0,0.0,523.4942960349434
1176,Netherlands,2020,2,0.12,0.0,523.4942960349434
1177,Netherlands,2020,3,679.78,49.99,523.4942960349434
1178,Netherlands,2020,4,1565.31,222.6,523.4942960349434
1179,Netherlands,2020,5,431.37,71.75,523.4942960349434
1180,Netherlands,2020,6,229.49,9.03,523.4942960349434
1181,Netherlands,2020,7,216.41,1.91,523.4942960349434
1182,Netherlands,2020,8,932.06,4.34,523.4942960349434
1183,Netherlands,2020,9,2739.76,9.78,523.4942960349434
1184,Netherlands,2020,10,12935.53,55.03,523.4942960349434
1185,Netherlands,2020,11,10259.07,115.78,523.4942960349434
1186,Netherlands,2020,12,5466.5,40.39,523.4942960349434
1187,Nicaragua,2020,3,0.61,0.15,54.6789326705939
1188,Nicaragua,2020,4,1.53,0.46,54.6789326705939
1189,Nicaragua,2020,5,113.82,4.74,54.6789326705939
1190,Nicaragua,2020,6,215.57,5.96,54.6789326705939
1191,Nicaragua,2020,7,229.47,6.42,54.6789326705939
1192,Nicaragua,2020,8,125.58,3.21,54.6789326705939
1193,Nicaragua,2020,9,103.28,2.14,54.6789326705939
1194,Nicaragua,2020,10,52.56,0.76,54.6789326705939
1195,Nicaragua,2020,11,41.25,0.61,54.6789326705939
1196,Nicaragua,2020,12,15.74,0.31,54.6789326705939
1197,Niger,2020,3,0.86,0.13,14.778463498695828
1198,Niger,2020,4,29.73,1.24,14.778463498695828
1199,Niger,2020,5,10.42,1.37,14.778463498695828
1200,Niger,2020,6,5.1,0.13,14.778463498695828
1201,Niger,2020,7,2.53,0.09,14.778463498695828
1202,Niger,2020,8,1.8,0.0,14.778463498695828
1203,Niger,2020,9,0.86,0.0,14.778463498695828
1204,Niger,2020,10,1.03,0.0,14.778463498695828
1205,Niger,2020,11,12.7,0.04,14.778463498695828
1206,Niger,2020,12,31.83,0.43,14.778463498695828
1207,Nigeria,2020,1,0.0,0.0,197.71042509516883
1208,Nigeria,2020,2,0.0,0.0,197.71042509516883
1209,Nigeria,2020,3,0.65,0.01,197.71042509516883
1210,Nigeria,2020,4,7.95,0.24,197.71042509516883
1211,Nigeria,2020,5,40.44,1.1,197.71042509516883
1212,Nigeria,2020,6,76.02,1.49,197.71042509516883
1213,Nigeria,2020,7,87.36,1.52,197.71042509516883
1214,Nigeria,2020,8,55.61,0.67,197.71042509516883
1215,Nigeria,2020,9,23.8,0.49,197.71042509516883
1216,Nigeria,2020,10,20.12,0.16,197.71042509516883
1217,Nigeria,2020,11,23.49,0.14,197.71042509516883
1218,Nigeria,2020,12,28.68,0.12,197.71042509516883
1219,Norway,2020,1,0.0,0.0,14.034867122981607
1220,Norway,2020,2,1.13,0.0,14.034867122981607
1221,Norway,2020,3,792.01,4.88,14.034867122981607
1222,Norway,2020,4,645.81,33.03,14.034867122981607
1223,Norway,2020,5,139.63,6.38,14.034867122981607
1224,Norway,2020,6,83.33,2.44,14.034867122981607
1225,Norway,2020,7,59.49,1.13,14.034867122981607
1226,Norway,2020,8,257.31,1.69,14.034867122981607
1227,Norway,2020,9,609.02,1.88,14.034867122981607
1228,Norway,2020,10,1083.85,1.5,14.034867122981607
1229,Norway,2020,11,2849.74,8.63,14.034867122981607
1230,Norway,2020,12,990.01,11.07,14.034867122981607
1231,Oman,2020,1,0.0,0.0,12.421478808852385
1232,Oman,2020,2,1.21,0.0,12.421478808852385
1233,Oman,2020,3,34.77,0.0,12.421478808852385
1234,Oman,2020,4,421.11,2.01,12.421478808852385
1235,Oman,2020,5,1637.99,6.43,12.421478808852385
1236,Oman,2020,6,5756.19,25.53,12.421478808852385
1237,Oman,2020,7,8060.11,50.65,12.421478808852385
1238,Oman,2020,8,1283.42,51.46,12.421478808852385
1239,Oman,2020,9,2621.31,51.86,12.421478808852385
1240,Oman,2020,10,3185.73,54.87,12.421478808852385
1241,Oman,2020,11,1819.1,42.21,12.421478808852385
1242,Oman,2020,12,553.97,10.65,12.421478808852385
1243,Pakistan,2020,1,0.0,0.0,254.2478700087349
1244,Pakistan,2020,2,0.01,0.0,254.2478700087349
1245,Pakistan,2020,3,7.49,0.08,254.2478700087349
1246,Pakistan,2020,4,65.26,1.51,254.2478700087349
1247,Pakistan,2020,5,248.13,5.25,254.2478700087349
1248,Pakistan,2020,6,645.72,13.03,254.2478700087349
1249,Pakistan,2020,7,318.46,7.61,254.2478700087349
1250,Pakistan,2020,8,81.01,1.58,254.2478700087349
1251,Pakistan,2020,9,75.79,0.85,254.2478700087349
1252,Pakistan,2020,10,95.72,1.51,254.2478700087349
1253,Pakistan,2020,11,300.28,5.63,254.2478700087349
1254,Pakistan,2020,12,197.46,3.73,254.2478700087349
1255,Palestine,2020,3,23.09,0.2,803.4707042843329
1256,Palestine,2020,4,78.69,0.2,803.4707042843329
1257,Palestine,2020,5,23.89,0.6,803.4707042843329
1258,Palestine,2020,6,364.76,0.6,803.4707042843329
1259,Palestine,2020,7,2488.25,15.26,803.4707042843329
1260,Palestine,2020,8,2855.61,16.46,803.4707042843329
1261,Palestine,2020,9,4226.1,38.94,803.4707042843329
1262,Palestine,2020,10,2936.31,38.54,803.4707042843329
1263,Palestine,2020,11,6433.1,51.19,803.4707042843329
1264,Palestine,2020,12,5594.59,54.6,803.4707042843329
1265,Panama,2020,3,253.15,6.12,55.54885672740261
1266,Panama,2020,4,1248.81,35.79,55.54885672740261
1267,Panama,2020,5,1563.66,35.79,55.54885672740261
1268,Panama,2020,6,4654.96,68.29,55.54885672740261
1269,Panama,2020,7,7395.84,182.98,55.54885672740261
1270,Panama,2020,8,6564.09,140.82,55.54885672740261
1271,Panama,2020,9,4659.9,86.9,55.54885672740261
1272,Panama,2020,10,4948.62,76.3,55.54885672740261
1273,Panama,2020,11,7503.23,87.6,55.54885672740261
1274,Panama,2020,12,6659.23,69.71,55.54885672740261
1275,Paraguay,2020,3,9.23,0.43,17.807158532458345
1276,Paraguay,2020,4,26.12,0.85,17.807158532458345
1277,Paraguay,2020,5,101.5,0.28,17.807158532458345
1278,Paraguay,2020,6,174.18,0.71,17.807158532458345
1279,Paraguay,2020,7,428.13,4.4,17.807158532458345
1280,Paraguay,2020,8,1701.72,37.05,17.807158532458345
1281,Paraguay,2020,9,3251.55,75.66,17.807158532458345
1282,Paraguay,2020,10,3193.21,77.51,17.807158532458345
1283,Paraguay,2020,11,2741.09,50.53,17.807158532458345
1284,Paraguay,2020,12,1657.43,29.81,17.807158532458345
1285,Peru,2020,3,29.22,0.74,26.248465995906372
1286,Peru,2020,4,1014.47,28.27,26.248465995906372
1287,Peru,2020,5,3744.64,105.44,26.248465995906372
1288,Peru,2020,6,3897.02,157.89,26.248465995906372
1289,Peru,2020,7,3848.82,292.74,26.248465995906372
1290,Peru,2020,8,7372.21,300.43,26.248465995906372
1291,Peru,2020,9,5063.05,110.98,26.248465995906372
1292,Peru,2020,10,2719.49,61.98,26.248465995906372
1293,Peru,2020,11,1917.84,46.51,26.248465995906372
1294,Peru,2020,12,690.33,23.19,26.248465995906372
1295,Philippines,2020,1,0.01,0.0,358.71562548735534
1296,Philippines,2020,2,0.02,0.01,358.71562548735534
1297,Philippines,2020,3,19.25,0.8,358.71562548735534
1298,Philippines,2020,4,56.68,4.35,358.71562548735534
1299,Philippines,2020,5,83.35,3.63,358.71562548735534
1300,Philippines,2020,6,177.72,2.82,358.71562548735534
1301,Philippines,2020,7,489.62,6.73,358.71562548735534
1302,Philippines,2020,8,1184.11,14.22,358.71562548735534
1303,Philippines,2020,9,850.07,17.83,358.71562548735534
1304,Philippines,2020,10,644.03,16.07,358.71562548735534
1305,Philippines,2020,11,471.07,10.99,358.71562548735534
1306,Philippines,2020,12,180.69,3.33,358.71562548735534
1307,Poland,2020,3,54.12,0.82,132.11769995779594
1308,Poland,2020,4,278.75,15.62,132.11769995779594
1309,Poland,2020,5,287.86,11.51,132.11769995779594
1310,Poland,2020,6,278.7,10.09,132.11769995779594
1311,Poland,2020,7,286.44,6.98,132.11769995779594
1312,Poland,2020,8,575.12,8.53,132.11769995779594
1313,Poland,2020,9,608.12,11.85,132.11769995779594
1314,Poland,2020,10,6606.62,75.53,132.11769995779594
1315,Poland,2020,11,16965.85,307.54,132.11769995779594
1316,Poland,2020,12,3966.02,153.66,132.11769995779594
1317,Portugal,2020,3,623.55,13.62,118.99820012906878
1318,Portugal,2020,4,1779.18,82.61,118.99820012906878
1319,Portugal,2020,5,730.88,39.6,118.99820012906878
1320,Portugal,2020,6,944.77,16.74,118.99820012906878
1321,Portugal,2020,7,871.49,15.47,118.99820012906878
1322,Portugal,2020,8,671.43,8.95,118.99820012906878
1323,Portugal,2020,9,1649.28,14.01,118.99820012906878
1324,Portugal,2020,10,6087.12,49.14,118.99820012906878
1325,Portugal,2020,11,15328.68,190.63,118.99820012906878
1326,Portugal,2020,12,5249.3,110.15,118.99820012906878
1327,Qatar,2020,1,0.0,0.0,165.4873371829117
1328,Qatar,2020,2,0.0,0.0,165.4873371829117
1329,Qatar,2020,3,244.7,0.35,165.4873371829117
1330,Qatar,2020,4,4191.63,3.18,165.4873371829117
1331,Qatar,2020,5,15076.6,9.18,165.4873371829117
1332,Qatar,2020,6,14068.86,27.19,165.4873371829117
1333,Qatar,2020,7,5421.47,20.48,165.4873371829117
1334,Qatar,2020,8,2865.39,9.18,165.4873371829117
1335,Qatar,2020,9,2456.86,6.0,165.4873371829117
1336,Qatar,2020,10,2404.6,6.36,165.4873371829117
1337,Qatar,2020,11,2226.29,1.77,165.4873371829117
1338,Qatar,2020,12,816.72,1.06,165.4873371829117
1339,Romania,2020,1,0.0,0.0,94.0882227608958
1340,Romania,2020,2,0.15,0.0,94.0882227608958
1341,Romania,2020,3,100.39,2.27,94.0882227608958
1342,Romania,2020,4,516.42,32.5,94.0882227608958
1343,Romania,2020,5,368.54,29.77,94.0882227608958
1344,Romania,2020,6,383.68,19.62,94.0882227608958
1345,Romania,2020,7,1185.15,34.51,94.0882227608958
1346,Romania,2020,8,1915.79,65.62,94.0882227608958
1347,Romania,2020,9,1989.7,62.53,94.0882227608958
1348,Romania,2020,10,5674.74,106.88,94.0882227608958
1349,Romania,2020,11,12153.31,222.82,94.0882227608958
1350,Romania,2020,12,4367.83,112.91,94.0882227608958
1351,Russia,2020,1,0.0,0.0,9.230279036657967
1352,Russia,2020,2,0.01,0.0,9.230279036657967
1353,Russia,2020,3,12.57,0.07,9.230279036657967
1354,Russia,2020,4,668.82,6.59,9.230279036657967
1355,Russia,2020,5,2037.23,24.56,9.230279036657967
1356,Russia,2020,6,1676.68,31.61,9.230279036657967
1357,Russia,2020,7,1325.43,31.78,9.230279036657967
1358,Russia,2020,8,1068.24,22.56,9.230279036657967
1359,Russia,2020,9,1216.67,23.66,9.230279036657967
1360,Russia,2020,10,2962.67,48.75,9.230279036657967
1361,Russia,2020,11,4588.54,81.38,9.230279036657967
1362,Russia,2020,12,2636.64,50.83,9.230279036657967
1363,Rwanda,2020,3,5.54,0.0,472.57355637758883
1364,Rwanda,2020,4,12.28,0.0,472.57355637758883
1365,Rwanda,2020,5,10.61,0.08,472.57355637758883
1366,Rwanda,2020,6,50.84,0.08,472.57355637758883
1367,Rwanda,2020,7,78.64,0.24,472.57355637758883
1368,Rwanda,2020,8,160.45,0.87,472.57355637758883
1369,Rwanda,2020,9,64.62,1.03,472.57355637758883
1370,Rwanda,2020,10,23.6,0.48,472.57355637758883
1371,Rwanda,2020,11,62.17,1.03,472.57355637758883
1372,Rwanda,2020,12,58.6,0.63,472.57355637758883
1373,Senegal,2020,3,9.94,0.0,76.9561924839795
1374,Senegal,2020,4,44.18,0.55,76.9561924839795
1375,Senegal,2020,5,162.8,2.02,76.9561924839795
1376,Senegal,2020,6,194.09,4.05,76.9561924839795
1377,Senegal,2020,7,209.13,5.89,76.9561924839795
1378,Senegal,2020,8,211.7,4.91,76.9561924839795
1379,Senegal,2020,9,85.23,1.6,76.9561924839795
1380,Senegal,2020,10,40.5,0.8,76.9561924839795
1381,Senegal,2020,11,28.84,0.61,76.9561924839795
1382,Senegal,2020,12,61.36,0.98,76.9561924839795
1383,Serbia,2020,3,112.73,2.3,80.33617686865306
1384,Serbia,2020,4,1140.04,22.55,80.33617686865306
1385,Serbia,2020,5,381.55,9.91,80.33617686865306
1386,Serbia,2020,6,417.45,4.6,80.33617686865306
1387,Serbia,2020,7,1568.84,41.79,80.33617686865306
1388,Serbia,2020,8,883.43,20.97,80.33617686865306
1389,Serbia,2020,9,303.57,5.46,80.33617686865306
1390,Serbia,2020,10,1674.09,9.33,80.33617686865306
1391,Serbia,2020,11,17817.52,105.55,80.33617686865306
1392,Serbia,2020,12,13960.55,112.3,80.33617686865306
1393,Seychelles,2020,3,102.31,0.0,211.5462978661644
1394,Seychelles,2020,4,10.23,0.0,211.5462978661644
1395,Seychelles,2020,5,0.0,0.0,211.5462978661644
1396,Seychelles,2020,6,0.0,0.0,211.5462978661644
1397,Seychelles,2020,7,1053.81,0.0,211.5462978661644
1398,Seychelles,2020,8,225.08,0.0,211.5462978661644
1399,Seychelles,2020,9,71.62,0.0,211.5462978661644
1400,Seychelles,2020,10,102.31,0.0,211.5462978661644
1401,Seychelles,2020,11,204.62,0.0,211.5462978661644
1402,Seychelles,2020,12,143.24,0.0,211.5462978661644
1403,Singapore,2020,1,2.24,0.0,7959.286186240846
1404,Singapore,2020,2,14.64,0.0,7959.286186240846
1405,Singapore,2020,3,128.52,0.52,7959.286186240846
1406,Singapore,2020,4,2549.3,1.9,7959.286186240846
1407,Singapore,2020,5,3226.03,1.55,7959.286186240846
1408,Singapore,2020,6,1601.39,0.52,7959.286186240846
1409,Singapore,2020,7,1403.78,0.17,7959.286186240846
1410,Singapore,2020,8,854.88,0.0,7959.286186240846
1411,Singapore,2020,9,167.29,0.0,7959.286186240846
1412,Singapore,2020,10,44.97,0.17,7959.286186240846
1413,Singapore,2020,11,36.18,0.17,7959.286186240846
1414,Singapore,2020,12,18.43,0.0,7959.286186240846
1415,Slovakia,2020,3,61.65,0.0,119.1823022554729
1416,Slovakia,2020,4,193.56,4.04,119.1823022554729
1417,Slovakia,2020,5,23.85,1.1,119.1823022554729
1418,Slovakia,2020,6,26.42,0.0,119.1823022554729
1419,Slovakia,2020,7,110.08,0.0,119.1823022554729
1420,Slovakia,2020,8,295.57,0.92,119.1823022554729
1421,Slovakia,2020,9,1045.42,2.2,119.1823022554729
1422,Slovakia,2020,10,8351.1,30.64,119.1823022554729
1423,Slovakia,2020,11,9291.39,110.82,119.1823022554729
1424,Slovakia,2020,12,4999.8,65.87,119.1823022554729
1425,Slovenia,2020,3,366.67,5.29,106.91513838506408
1426,Slovenia,2020,4,314.77,37.48,106.91513838506408
1427,Slovenia,2020,5,26.43,9.13,106.91513838506408
1428,Slovenia,2020,6,53.82,1.44,106.91513838506408
1429,Slovenia,2020,7,266.23,2.88,106.91513838506408
1430,Slovenia,2020,8,348.89,5.29,106.91513838506408
1431,Slovenia,2020,9,1260.03,4.81,106.91513838506408
1432,Slovenia,2020,10,12986.16,41.81,106.91513838506408
1433,Slovenia,2020,11,20602.06,337.35,106.91513838506408
1434,Slovenia,2020,12,10059.55,255.66,106.91513838506408
1435,Somalia,2020,3,0.19,0.0,22.23680316493721
1436,Somalia,2020,4,37.49,1.81,22.23680316493721
1437,Somalia,2020,5,86.38,2.91,22.23680316493721
1438,Somalia,2020,6,63.98,1.1,22.23680316493721
1439,Somalia,2020,7,19.94,0.19,22.23680316493721
1440,Somalia,2020,8,6.35,0.26,22.23680316493721
1441,Somalia,2020,9,18.0,0.13,22.23680316493721
1442,Somalia,2020,10,22.86,0.32,22.23680316493721
1443,Somalia,2020,11,32.64,0.58,22.23680316493721
1444,Somalia,2020,12,8.68,0.52,22.23680316493721
1445,Spain,2020,1,0.0,0.0,95.85075533063309
1446,Spain,2020,2,1.15,0.0,95.85075533063309
1447,Spain,2020,3,2220.27,156.38,95.85075533063309
1448,Spain,2020,4,2363.08,366.51,95.85075533063309
1449,Spain,2020,5,516.56,55.05,95.85075533063309
1450,Spain,2020,6,209.69,26.16,95.85075533063309
1451,Spain,2020,7,836.25,1.92,95.85075533063309
1452,Spain,2020,8,3714.25,13.83,95.85075533063309
1453,Spain,2020,9,6526.4,57.46,95.85075533063309
1454,Spain,2020,10,8873.37,87.07,95.85075533063309
1455,Spain,2020,11,9853.81,195.82,95.85075533063309
1456,Spain,2020,12,1755.29,54.43,95.85075533063309
1457,Sudan,2020,3,0.14,0.05,22.132537488398047
1458,Sudan,2020,4,8.62,0.61,22.132537488398047
1459,Sudan,2020,5,103.36,5.47,22.132537488398047
1460,Sudan,2020,6,104.13,7.24,22.132537488398047
1461,Sudan,2020,7,52.27,3.57,22.132537488398047
1462,Sudan,2020,8,39.54,2.29,22.132537488398047
1463,Sudan,2020,9,9.74,0.3,22.132537488398047
1464,Sudan,2020,10,3.71,0.02,22.132537488398047
1465,Sudan,2020,11,90.21,9.44,22.132537488398047
1466,Sudan,2020,12,87.8,2.48,22.132537488398047
1467,Suriname,2020,3,13.76,0.0,3.5882537521888693
1468,Suriname,2020,4,3.44,1.72,3.5882537521888693
1469,Suriname,2020,5,6.88,0.0,3.5882537521888693
1470,Suriname,2020,6,837.69,20.64,3.5882537521888693
1471,Suriname,2020,7,1976.39,22.36,3.5882537521888693
1472,Suriname,2020,8,4057.71,70.52,3.5882537521888693
1473,Suriname,2020,9,1468.96,63.64,3.5882537521888693
1474,Suriname,2020,10,581.39,12.04,3.5882537521888693
1475,Suriname,2020,11,190.93,10.32,3.5882537521888693
1476,Suriname,2020,12,70.52,0.0,3.5882537521888693
1477,Sweden,2020,1,0.0,0.0,23.860899995094453
1478,Sweden,2020,2,1.08,0.0,23.860899995094453
1479,Sweden,2020,3,425.11,29.62,23.860899995094453
1480,Sweden,2020,4,1623.43,245.74,23.860899995094453
1481,Sweden,2020,5,1703.1,174.29,23.860899995094453
1482,Sweden,2020,6,2802.3,86.02,23.860899995094453
1483,Sweden,2020,7,940.55,25.9,23.860899995094453
1484,Sweden,2020,8,738.21,6.84,23.860899995094453
1485,Sweden,2020,9,871.25,4.99,23.860899995094453
1486,Sweden,2020,10,3508.73,13.88,23.860899995094453
1487,Sweden,2020,11,12562.92,110.65,23.860899995094453
1488,Sweden,2020,12,6112.89,36.56,23.860899995094453
1489,Switzerland,2020,1,0.0,0.0,208.40423177193955
1490,Switzerland,2020,2,1.4,0.0,208.40423177193955
1491,Switzerland,2020,3,1802.32,34.53,208.40423177193955
1492,Switzerland,2020,4,1628.18,130.14,208.40423177193955
1493,Switzerland,2020,5,168.29,29.14,208.40423177193955
1494,Switzerland,2020,6,94.45,2.93,208.40423177193955
1495,Switzerland,2020,7,393.7,2.57,208.40423177193955
1496,Switzerland,2020,8,816.08,2.46,208.40423177193955
1497,Switzerland,2020,9,1269.23,6.67,208.40423177193955
1498,Switzerland,2020,10,11817.74,29.73,208.40423177193955
1499,Switzerland,2020,11,19110.36,257.59,208.40423177193955
1500,Switzerland,2020,12,6473.38,133.65,208.40423177193955
1501,Tajikistan,2020,5,408.43,5.04,63.113111736388184
1502,Tajikistan,2020,6,224.55,0.54,63.113111736388184
1503,Tajikistan,2020,7,157.28,0.86,63.113111736388184
1504,Tajikistan,2020,8,127.02,0.86,63.113111736388184
1505,Tajikistan,2020,9,126.17,0.75,63.113111736388184
1506,Tajikistan,2020,10,134.21,0.75,63.113111736388184
1507,Tajikistan,2020,11,126.38,0.43,63.113111736388184
1508,Tajikistan,2020,12,58.9,0.21,63.113111736388184
1509,Thailand,2020,1,0.2,0.0,149.13501996832198
1510,Thailand,2020,2,0.4,0.0,149.13501996832198
1511,Thailand,2020,3,23.11,0.14,149.13501996832198
1512,Thailand,2020,4,18.71,0.63,149.13501996832198
1513,Thailand,2020,5,1.82,0.04,149.13501996832198
1514,Thailand,2020,6,1.29,0.01,149.13501996832198
1515,Thailand,2020,7,2.0,0.0,149.13501996832198
1516,Thailand,2020,8,1.46,0.0,149.13501996832198
1517,Thailand,2020,9,2.18,0.01,149.13501996832198
1518,Thailand,2020,10,3.1,0.0,149.13501996832198
1519,Thailand,2020,11,2.83,0.01,149.13501996832198
1520,Thailand,2020,12,3.73,0.0,149.13501996832198
1521,Togo,2020,3,4.21,0.12,136.51966489803138
1522,Togo,2020,4,9.28,0.74,136.51966489803138
1523,Togo,2020,5,40.09,0.74,136.51966489803138
1524,Togo,2020,6,25.98,0.12,136.51966489803138
1525,Togo,2020,7,35.14,0.49,136.51966489803138
1526,Togo,2020,8,58.03,1.11,136.51966489803138
1527,Togo,2020,9,44.91,2.6,136.51966489803138
1528,Togo,2020,10,68.42,0.87,136.51966489803138
1529,Togo,2020,11,80.42,1.11,136.51966489803138
1530,Togo,2020,12,35.76,0.25,136.51966489803138
1531,Tunisia,2020,3,26.68,0.68,78.47637729323537
1532,Tunisia,2020,4,57.12,2.74,78.47637729323537
1533,Tunisia,2020,5,8.21,0.68,78.47637729323537
1534,Tunisia,2020,6,8.21,0.17,78.47637729323537
1535,Tunisia,2020,7,29.24,0.0,78.47637729323537
1536,Tunisia,2020,8,185.64,2.22,78.47637729323537
1537,Tunisia,2020,9,1173.18,14.54,78.47637729323537
1538,Tunisia,2020,10,3626.25,91.58,78.47637729323537
1539,Tunisia,2020,11,3115.76,162.64,78.47637729323537
1540,Tunisia,2020,12,1292.04,57.72,78.47637729323537
1541,Turkey,2020,3,132.03,2.05,106.80412244150465
1542,Turkey,2020,4,1301.91,35.52,106.80412244150465
1543,Turkey,2020,5,555.02,17.49,106.80412244150465
1544,Turkey,2020,6,433.03,7.32,106.80412244150465
1545,Turkey,2020,7,381.42,6.82,106.80412244150465
1546,Turkey,2020,8,471.38,7.95,106.80412244150465
1547,Turkey,2020,9,594.19,22.0,106.80412244150465
1548,Turkey,2020,10,681.46,24.96,106.80412244150465
1549,Turkey,2020,11,2596.67,41.23,106.80412244150465
1550,Turkey,2020,12,4992.2,32.21,106.80412244150465
1551,Uganda,2020,3,0.75,0.0,193.12165891527454
1552,Uganda,2020,4,1.08,0.0,193.12165891527454
1553,Uganda,2020,5,7.5,0.0,193.12165891527454
1554,Uganda,2020,6,10.32,0.0,193.12165891527454
1555,Uganda,2020,7,6.26,0.05,193.12165891527454
1556,Uganda,2020,8,40.23,0.63,193.12165891527454
1557,Uganda,2020,9,114.95,1.02,193.12165891527454
1558,Uganda,2020,10,99.23,0.79,193.12165891527454
1559,Uganda,2020,11,174.72,2.06,193.12165891527454
1560,Uganda,2020,12,166.86,0.45,193.12165891527454
1561,Ukraine,2020,3,10.91,0.25,82.87653784019052
1562,Ukraine,2020,4,213.35,5.43,82.87653784019052
1563,Ukraine,2020,5,303.18,10.14,82.87653784019052
1564,Ukraine,2020,6,464.25,10.25,82.87653784019052
1565,Ukraine,2020,7,572.04,11.96,82.87653784019052
1566,Ukraine,2020,8,1142.89,19.41,82.87653784019052
1567,Ukraine,2020,9,1951.6,34.96,82.87653784019052
1568,Ukraine,2020,10,3950.5,67.65,82.87653784019052
1569,Ukraine,2020,11,7818.18,117.56,82.87653784019052
1570,Ukraine,2020,12,4045.74,68.96,82.87653784019052
1571,Uruguay,2020,3,93.59,0.29,20.320183415810448
1572,Uruguay,2020,4,88.4,4.04,20.320183415810448
1573,Uruguay,2020,5,55.17,2.02,20.320183415810448
1574,Uruguay,2020,6,32.06,1.44,20.320183415810448
1575,Uruguay,2020,7,89.84,2.31,20.320183415810448
1576,Uruguay,2020,8,98.79,2.6,20.320183415810448
1577,Uruguay,2020,9,129.42,1.16,20.320183415810448
1578,Uruguay,2020,10,303.03,2.89,20.320183415810448
1579,Uruguay,2020,11,760.89,5.2,20.320183415810448
1580,Uruguay,2020,12,1153.18,4.62,20.320183415810448
1581,Uzbekistan,2020,3,4.52,0.06,77.5105341358501
1582,Uzbekistan,2020,4,56.18,0.21,77.5105341358501
1583,Uzbekistan,2020,5,47.06,0.15,77.5105341358501
1584,Uzbekistan,2020,6,143.84,0.3,77.5105341358501
1585,Uzbekistan,2020,7,462.68,3.43,77.5105341358501
1586,Uzbekistan,2020,8,548.58,5.46,77.5105341358501
1587,Uzbekistan,2020,9,450.8,4.58,77.5105341358501
1588,Uzbekistan,2020,10,306.5,2.88,77.5105341358501
1589,Uzbekistan,2020,11,189.26,1.36,77.5105341358501
1590,Uzbekistan,2020,12,67.43,0.12,77.5105341358501
1591,Vanuatu,2020,11,3.33,0.0,22.01436167742372
1592,Vanuatu,2020,12,0.0,0.0,22.01436167742372
1593,Venezuela,2020,3,4.73,0.11,37.530153317110944
1594,Venezuela,2020,4,6.87,0.25,37.530153317110944
1595,Venezuela,2020,5,39.56,0.14,37.530153317110944
1596,Venezuela,2020,6,142.76,1.19,37.530153317110944
1597,Venezuela,2020,7,432.36,3.86,37.530153317110944
1598,Venezuela,2020,8,982.23,7.82,37.530153317110944
1599,Venezuela,2020,9,999.27,8.42,37.530153317110944
1600,Venezuela,2020,10,604.09,6.03,37.530153317110944
1601,Venezuela,2020,11,366.5,3.54,37.530153317110944
1602,Venezuela,2020,12,180.15,1.93,37.530153317110944
1603,Vietnam,2020,1,0.05,0.0,324.63977711909865
1604,Vietnam,2020,2,0.11,0.0,324.63977711909865
1605,Vietnam,2020,3,1.97,0.0,324.63977711909865
1606,Vietnam,2020,4,0.66,0.0,324.63977711909865
1607,Vietnam,2020,5,0.59,0.0,324.63977711909865
1608,Vietnam,2020,6,0.29,0.0,324.63977711909865
1609,Vietnam,2020,7,1.6,0.0,324.63977711909865
1610,Vietnam,2020,8,5.5,0.33,324.63977711909865
1611,Vietnam,2020,9,0.56,0.03,324.63977711909865
1612,Vietnam,2020,10,0.86,0.0,324.63977711909865
1613,Vietnam,2020,11,1.72,0.0,324.63977711909865
1614,Vietnam,2020,12,0.56,0.0,324.63977711909865
1615,Yemen,2020,4,0.21,0.0,51.06972575786767
1616,Yemen,2020,5,10.42,2.64,51.06972575786767
1617,Yemen,2020,6,28.05,7.78,51.06972575786767
1618,Yemen,2020,7,20.51,6.28,51.06972575786767
1619,Yemen,2020,8,7.78,2.64,51.06972575786767
1620,Yemen,2020,9,2.81,0.82,51.06972575786767
1621,Yemen,2020,10,0.96,0.41,51.06972575786767
1622,Yemen,2020,11,0.48,0.17,51.06972575786767
1623,Yemen,2020,12,0.21,0.03,51.06972575786767
1624,Zambia,2020,3,1.96,0.0,21.527482965465428
1625,Zambia,2020,4,3.47,0.17,21.527482965465428
1626,Zambia,2020,5,53.75,0.22,21.527482965465428
1627,Zambia,2020,6,28.61,0.84,21.527482965465428
1628,Zambia,2020,7,223.22,7.11,21.527482965465428
1629,Zambia,2020,8,362.24,7.73,21.527482965465428
1630,Zambia,2020,9,150.61,2.52,21.527482965465428
1631,Zambia,2020,10,95.18,0.95,21.527482965465428
1632,Zambia,2020,11,66.79,0.45,21.527482965465428
1633,Zambia,2020,12,37.29,0.56,21.527482965465428
1634,Zimbabwe,2020,3,0.48,0.07,43.09240086215959
1635,Zimbabwe,2020,4,1.84,0.2,43.09240086215959
1636,Zimbabwe,2020,5,9.56,0.0,43.09240086215959
1637,Zimbabwe,2020,6,27.31,0.2,43.09240086215959
1638,Zimbabwe,2020,7,171.93,3.14,43.09240086215959
1639,Zimbabwe,2020,8,226.69,9.76,43.09240086215959
1640,Zimbabwe,2020,9,97.3,2.18,43.09240086215959
1641,Zimbabwe,2020,10,35.85,0.96,43.09240086215959
1642,Zimbabwe,2020,11,108.43,2.32,43.09240086215959
1643,Zimbabwe,2020,12,88.49,2.12,43.09240086215959
